date,gdp,gdp_trend,gdp_cycle,consumption,consumption_trend,consumption_cycle,investment,investment_trend,investment_cycle,hours,hours_trend,hours_cycle,capital,capital_trend,capital_cycle,tfp,tfp_trend,tfp_cycle,real_m2,real_m2_trend,real_m2_cycle,t_bill_3mo,t_bill_3mo_trend,t_bill_3mo_cycle,pce_inflation,pce_inflation_trend,pce_inflation_cycle,unemployment,unemployment_trend,unemployment_cycle
1959-01-01,29.22164352394853,29.12027478860321,0.0034749915767018358,17.719139315427956,17.71704258483411,0.00011833840351060942,4.762109233853983,4.6172909640592055,0.030882524757209096,103.12149855747963,103.2052783992756,-0.0008121083228873616,28.947253969993685,29.09634106141004,-0.00513708426221271,16.17517060094562,16.081894754890623,0.005783297705812096,16.48141998506166,16.141960036906415,0.020811589733706448,0.027733333333333336,0.026651862012562994,0.0010814713207703414,0.009041951997872388,0.01783047732463737,-0.008788525326764982,0.05833333333333333,0.056625965654487485,0.001707367678845842
1959-04-01,29.769950399019056,29.245300591289123,0.017780611662102874,17.970944777208793,17.793206163690467,0.009939566417585866,5.091079428635677,4.633643454233961,0.09414639477619313,104.68412586510576,102.97264870977497,0.016484084498816998,29.07574974950126,29.193523324005668,-0.004042395886202588,16.29309349618344,16.155794193708545,0.008462547201832926,16.639710942505708,16.29375769597887,0.021009992971920077,0.03,0.026894885711233447,0.0031051142887665514,0.01128143871524312,0.017427198551366783,-0.006145759836123664,0.051000000000000004,0.05722338974081254,-0.006223389740812539
1959-07-01,29.684168663725266,29.37785161636539,0.010372818011525453,18.133025660573004,17.87219777740365,0.014488589208995872,4.7268836023941585,4.651855137737002,0.016000033126661428,104.00536534503351,102.75379765978383,0.01210667478087668,29.285182604817614,29.290429659655732,-0.00017915492981845915,16.274051305875336,16.232641371624602,0.002547780363971519,16.740786961090233,16.44719677900418,0.01769302065515488,0.03540000000000001,0.027104675742851875,0.008295324257148132,0.016644562334217516,0.01699020627357027,-0.00034564393935275495,0.05266666666666667,0.057744471236963156,-0.005077804570296489
1959-10-01,29.674758149850934,29.518238036107785,0.005288479672415747,18.12383327774153,17.954062276392218,0.00941142779320625,4.857318906843931,4.67197389588617,0.038904962273501154,103.70429211262133,102.54879850095128,0.011204735862955673,29.40788030150277,29.38760707443453,0.0006896184988507414,16.275742551402406,16.31247077308684,-0.002254081061130897,16.68058986932597,16.602730718434618,0.004678577229584757,0.042300000000000004,0.027277650879426324,0.01502234912057368,0.02262173278492763,0.01652620561629722,0.006095527168630408,0.05600000000000001,0.05819200667049432,-0.002192006670494309
1960-01-01,30.137636485601114,29.66697253516119,0.01574038107538689,18.12563502304758,18.039009412759512,0.0047906333554283975,5.358093308341417,4.694097328156444,0.13230235393953027,103.64954716790157,102.35850327981976,0.012534080949658133,29.451993123002175,29.485606573570774,-0.0011406455093561085,16.526619727044096,16.395344533501742,0.00797497307653705,16.585526607457037,16.761015000835563,-0.010525230201930746,0.03873333333333333,0.027415414470625545,0.011317918862707783,0.01699940699743041,0.016041685677134924,0.0009577213202954862,0.051333333333333335,0.05856561894110462,-0.007232285607771283
1960-04-01,29.89051871085539,29.824681353957413,0.0022050460687688123,18.351943224469295,18.127360349108205,0.01231304826530355,4.811385779627155,4.71844166625503,0.019506556866597746,103.52977701220188,102.18447875619468,0.013079476962642111,29.736652664012016,29.584999273321703,0.005112929802694399,16.348299829242958,16.481303686440505,-0.008102722582119526,16.633464892138974,16.922779071441614,-0.017243965006915385,0.029933333333333336,0.02752895883431866,0.0024043744990146776,0.018111424634162265,0.01554694525815108,0.0025644793760111854,0.052333333333333336,0.0588635609443236,-0.006530227610990265
1960-07-01,29.94174047339389,29.992304322220583,-0.0016873168161954943,18.226461859638892,18.219498086254063,0.0003821424091952075,4.740210329965219,4.745622408564562,-0.001141086784000711,102.62375828661025,102.02908699819879,0.005811528896934703,29.863561516630664,29.686342867845642,0.005951954878586019,16.445615726303384,16.57047355048791,-0.007563489325408845,16.818325006927086,17.088667564025933,-0.01594646209244921,0.0236,0.027636349987663976,-0.0040363499876639765,0.015850238079707868,0.015052881737238564,0.0007973563424693037,0.05533333333333334,0.059079565397175966,-0.0037462320638426277
1960-10-01,29.453719784998835,30.170850176178366,-0.02405602168564691,18.212336050486122,18.315955613732427,-0.005673401983124382,4.141809221502278,4.776331114591578,-0.1425400001371424,101.32950865301147,101.89551749820164,-0.005570281568375357,29.958542788336775,29.79029801885856,0.0056317482275534125,16.293461307357703,16.662898628775103,-0.022420728382143817,16.953339747935733,17.259163825266292,-0.017878388974665427,0.023066666666666666,0.027757156681881705,-0.00469049001521504,0.01472591631527731,0.014571995291900267,0.00015392102337704293,0.06266666666666666,0.05920328362442953,0.003463383042237131
1961-01-01,29.54399242484528,30.36132707083433,-0.027289241584921076,18.13344943829239,18.41728326170765,-0.015531263422723374,4.248665251926584,4.81127948618449,-0.1243581789488033,100.37846785561959,101.78732499470746,-0.01393786680411413,29.897148535199886,29.897646163435777,-1.6644533638920933e-05,16.455693891924508,16.758546034292447,-0.018236788591452502,17.14579115548213,17.434596174471213,-0.016703788266854147,0.0235,0.027908424949449766,-0.004408424949449766,0.015289925494007095,0.01411728444735311,0.0011726410466539848,0.068,0.05922202555581221,0.008777974444187792
1961-04-01,29.94863867093509,30.56431777355752,-0.02034937258253189,18.299534943240005,18.523980002456764,-0.01219046248337774,4.534142331107306,4.850776057782757,-0.06750276051887649,99.82625425183413,101.70771193226655,-0.018671913012080488,29.877173353068507,30.009286229938912,-0.004412118936670595,16.744915339318805,16.857146657496756,-0.006680050499905832,17.365748596178324,17.615108846549305,-0.014257196220580415,0.023033333333333333,0.028104269266586566,-0.005070935933253234,0.009990331936835295,0.013701843929453629,-0.0037115119926183337,0.07,0.05912526573545334,0.010874734264546666
1961-07-01,30.430332930248237,30.77990499207995,-0.011422137023870516,18.351131536750156,18.636378096756612,-0.01542424553576316,4.873718571231183,4.894768503853048,-0.004309769781553285,100.10995676371752,101.65900723511727,-0.015354996886673078,29.93364393068033,30.12613132169267,-0.006409882463173311,16.971663859323066,16.958232283323714,0.0007917251879869802,17.559617526421107,17.80066545863849,-0.013634034901750969,0.023033333333333333,0.02835604884391711,-0.005322715510583779,0.00975985617054076,0.013339501364712512,-0.0035796451941717527,0.06766666666666667,0.05890796494150985,0.008758701725156817
1961-10-01,30.97824057892152,31.007788376249326,-0.0009533696564822947,18.652346246214183,18.754677911894365,-0.00547126766996664,4.9582834582126365,4.943002947353572,0.0030865732723055483,101.21601184336116,101.64237584647883,-0.0042035691577133605,30.117324471511143,30.249027018016765,-0.004363449246822082,17.117597896322874,17.061252436015494,0.003297098106174623,17.784820487647238,17.991066781101082,-0.011530032884614627,0.0246,0.028671953557108106,-0.004071953557108106,0.0064569748114051695,0.013041764684645067,-0.006584789873239898,0.062,0.05857188066105405,0.003428119338945948
1962-01-01,31.480907847171608,31.247443424891987,0.007443699556584971,18.804502063337203,18.878905938000642,-0.003948898217876362,5.197627924310592,4.9952092137504795,0.039723057251004334,101.43056018941105,101.6580359250638,-0.002240163506311177,30.315851307550833,30.378713342648094,-0.002071422966352543,17.33152967413282,17.16565169756223,0.009616974397604228,18.031346474239935,18.18594880257331,-0.008537538003606127,0.02723333333333333,0.02905684658463216,-0.0018235132512988278,0.008933699189585864,0.012817904542520245,-0.0038842053529343813,0.056333333333333326,0.05812424456973647,-0.0017909112364031463
1962-04-01,31.648520257848993,31.49831690531423,0.004757281363962473,19.001679500677476,19.009027239370376,-0.00038661416293450657,5.097893285188609,5.051120778001911,0.009217218152048456,102.2583913045471,101.70596920020941,0.005416862571014924,30.5031435659225,30.515862808907546,-0.00041689447026183046,17.29466999677959,17.270896450846465,0.0013755625684757078,18.315079282057948,18.38479768220837,-0.0037993851633677522,0.02716666666666667,0.029513046133988693,-0.002346379467322024,0.012571793235481854,0.012673076097936229,-0.00010128286245437469,0.05533333333333334,0.05757443091779449,-0.0022410975844611505
1962-07-01,31.892269526723783,31.759990294538675,0.004156315046252246,19.078638933051995,19.144961254902793,-0.0034702324261424167,5.140240378083742,5.110589763938897,0.005785033295084174,101.58318421739536,101.78604558915822,-0.001995006218383999,30.63165851308179,30.661124038997283,-0.0009614681193608199,17.477341160094714,17.376544233758274,0.005783986847177847,18.476448112610836,18.586976167402774,-0.005964283364911616,0.028399999999999998,0.030041730716895053,-0.0016417307168950547,0.011700368815973583,0.012610006882145603,-0.0009096380661720201,0.05566666666666666,0.0569306946359427,-0.0012640279692760353
1962-10-01,31.816934522555385,32.03212989733739,-0.006740778164112005,19.259045924871682,19.286622700100953,-0.0014308627100265703,4.934981769350689,5.173493725077322,-0.047199250440364215,100.39492383405191,101.89851002670252,-0.014865671647553036,30.733759263799453,30.815154262532587,-0.002644889780151871,17.54947001251132,17.48215667888966,0.00384300832267348,18.702088480217686,18.79177258262974,-0.004783944406531848,0.02813333333333334,0.030642612357901514,-0.0025092790245681736,0.013656863367845995,0.012631361124611929,0.0010255022432340659,0.05533333333333334,0.056199889968905424,-0.0008665566355720855
1963-01-01,32.00822347192697,32.314477036155125,-0.009522481985427156,19.27082755173667,19.433883506358285,-0.00842568849140024,5.132719166526603,5.239724856205601,-0.02063341788736417,100.50420072330515,102.04351177159005,-0.015199783450863258,30.80296649259631,30.97861023116907,-0.005685973751550666,17.628617011566394,17.587348378120108,0.0023437467569524806,18.943900249817148,18.998371527446213,-0.0028712732527744755,0.029066666666666668,0.03131437699986028,-0.002247710333193615,0.012206691543861892,0.012739234531007407,-0.0005325429871455151,0.057666666666666665,0.0553880811439262,0.0022785855227404617
1963-04-01,32.22794299207588,32.60662825001245,-0.011681717239240719,19.365516253160628,19.58659569180718,-0.011351467304330676,5.202000795780742,5.309014208666685,-0.020362849931369276,100.71184206550257,102.22028172864098,-0.014866719154110974,30.936621848956555,31.152116719951085,-0.006941540165323445,17.698991738851404,17.691767373802353,0.0004082627968728936,19.238617797939074,19.205863255919855,0.0017039923051016537,0.0294,0.0320541422862332,-0.0026541422862331986,0.010209869540555916,0.012936363745906261,-0.0027264942053503455,0.05733333333333333,0.05450079079035135,0.002832542542981986
1963-07-01,32.80151775161408,32.907970488750834,-0.003240105291285822,19.61614683722024,19.744503785738058,-0.006522117977738162,5.32464011618054,5.381009293961308,-0.010530832191116613,100.57243257879229,102.42710171797228,-0.018273152721658192,31.089133668481924,31.336207337944952,-0.007915854543368628,17.999208312544543,17.795079862142344,0.011405767442544512,19.52313750394776,19.41326316455395,0.005643800102460794,0.03293333333333333,0.03285762104152383,7.571229180949879e-05,0.012382149591451785,0.013225152574515751,-0.000843002983063966,0.055,0.05354496565347886,0.001455034346521139
1963-10-01,32.8776578779814,33.21762545305716,-0.010287286962656683,19.610265159156935,19.907203547803753,-0.015028491809200073,5.389078582805936,5.455268339687072,-0.01220738866443516,100.92877389893256,102.66131208755813,-0.01702027881100765,31.263011198666195,31.53129817878064,-0.008544997635332674,17.964459001371722,17.896949480318504,0.003765027848012803,19.658078029248536,19.61956585488737,0.001961023263853612,0.03496666666666667,0.033718867251306864,0.001247799415359803,0.013034214813886447,0.01360630076316479,-0.0005720859492783434,0.05566666666666666,0.052529322817696136,0.0031373438489705266
1964-01-01,33.42928130270235,33.53461289969249,-0.0031459246842073796,19.942172177406995,20.074195796758392,-0.006598504815074957,5.513504218486016,5.531287456721197,-0.003220206252033897,102.58676603428165,102.91907540165576,-0.0032340653160254362,31.44696275261121,31.737665601091464,-0.009201760214803567,18.036361184239944,17.997161374392647,0.002175742060596786,19.83997782575213,19.82379537234103,0.0008159815874382303,0.0353,0.03463198222133937,0.000668017778660629,0.014933766558360206,0.014079981181317865,0.0008537853770423411,0.05466666666666666,0.05146348876385709,0.0032031779028095717
1964-04-01,33.65918407581448,33.85769582691776,-0.0058803760900727475,20.21195631705522,20.244774206713892,-0.001622370193146594,5.481196724334313,5.60849033057672,-0.022958122564429306,102.6282099041539,103.19543434482566,-0.005511765946456748,31.661838174113008,31.955429444039833,-0.009229989442665953,18.112414651625862,18.095539583654894,0.000932119449949198,20.05311842601061,20.024963525592483,0.0014050026188221487,0.03476666666666667,0.035591847132013014,-0.0008251804653463465,0.015534344001497224,0.014646009144721169,0.0008883348567760557,0.052000000000000005,0.050359050812721254,0.0016409491872787507
1964-07-01,34.03777561701361,34.18552024323047,-0.004331214296253716,20.481855000698005,20.418123592436363,0.0031164544352018098,5.539793312033507,5.686255679085112,-0.026094786875520803,102.84317963912014,103.4851796167264,-0.0062231101126393185,31.850704905065022,32.18453433663709,-0.010426523264460918,18.253209297573232,18.191930305049024,0.003362810566243546,20.33649594471138,20.222057911007386,0.00564311724716271,0.03496666666666667,0.036593760674831124,-0.0016270940081644578,0.013906996957844475,0.015304733584981535,-0.0013977366271370594,0.05,0.04922959827123737,0.0007704017287626305
1964-10-01,33.99306259251398,34.51655073178731,-0.015282477958934226,20.42487199753579,20.59337911401148,-0.008216248126398984,5.605265752313686,5.7638443980401215,-0.027898213453591003,103.3902800142507,103.78269127163296,-0.00378825214730405,32.04432747463173,32.42474225425159,-0.011801603357657786,18.12797846166498,18.286188494647437,-0.008689531669405337,20.568500513922704,20.414051668927627,0.007537333229505894,0.036833333333333336,0.03763250580350616,-0.0007991724701728251,0.013546950389706769,0.016057058642991277,-0.0025101082532845084,0.04966666666666666,0.04808974603959624,0.001576920627070419
1965-01-01,34.67133361491022,34.849096357030554,-0.0051139824540289425,20.756284482922148,20.76968589558597,-0.0006454473192039067,6.112344694545715,5.8403823560707595,0.04551418000605678,104.55107038581805,104.08188175883797,0.00449774988199092,32.25398418393436,32.675600231264,-0.01298705288347124,18.31414528761449,18.37820621433566,-0.003491789933759648,20.787955079810054,20.59996111001589,0.009084548342240595,0.038900000000000004,0.038701848537995485,0.00019815146200451855,0.01200517145847435,0.016903014874250756,-0.004897843415776405,0.048999999999999995,0.04695459051906913,0.0020454094809308626
1965-04-01,34.966260512322144,35.181064244647814,-0.00612437906861496,20.909238709627157,20.94605174109356,-0.0017590627403385461,6.084070237255119,5.914848421078858,0.028208048004643826,105.1607925765985,104.37634631674842,0.007487454766161861,32.58638753201166,32.93640231399277,-0.01068385861354093,18.334341282749694,18.467774617714195,-0.007251426522361104,20.951921505685515,20.77887618348002,0.008293458244067686,0.038733333333333335,0.03979505541546259,-0.0010617220821292558,0.014989556456567188,0.01784106401660203,-0.002851507560034841,0.04666666666666667,0.045840213686319256,0.0008264529803474127
1965-07-01,35.62550019563591,35.51016921761364,0.0032425667748685605,21.19511944677431,21.121442313871757,0.0034821925168664336,6.239477193646356,5.986345230564548,0.041415315036608114,105.07278689069513,104.65990245800239,0.003937249527962372,32.9234780846897,33.20615312877785,-0.00854917109278075,18.622977171134718,18.554641978292267,0.0036761509404397152,21.20760756122525,20.94998772031809,0.012221904309664744,0.03866666666666667,0.04090551681773472,-0.0022388501510680545,0.01543077582511776,0.01886660665575229,-0.0034358308306345307,0.04366666666666667,0.04476397589893537,-0.001097309232268695
1965-10-01,36.32486371371385,35.833907033096494,0.013607888592694906,21.635934563381493,21.294766195436413,0.015894245574723964,6.2945897639545345,6.0540478343184345,0.03896338497581686,105.71771082801658,104.92679470203869,0.00750952265119853,33.286415630871936,33.48360235477265,-0.005906462304752669,18.84075474006275,18.638469244622225,0.01079464504308092,21.452268632015038,21.112584607884845,0.015961113907589475,0.04166666666666667,0.042025959550337784,-0.0003592928836711126,0.015196826365578175,0.019973261185183708,-0.004776434819605532,0.04100000000000001,0.04374375404761894,-0.0027437540476189307
1966-01-01,37.110467825955254,36.14976263627345,0.02622869895407165,21.925627033434917,21.464945024878524,0.021234996344185575,6.725023010833707,6.117264774626205,0.09472028279773004,106.94338517223161,105.17147523453964,0.01670746831793224,33.67205062303449,33.767277417737006,-0.0028240749354515593,19.02767961304968,18.71895641939286,0.016358018102371474,21.667445844891397,21.266112813457006,0.018696084563687876,0.0461,0.043147711137453255,0.0029522888625467467,0.019771261710670673,0.0211524986041093,-0.0013812368934386261,0.03866666666666667,0.04279673920480127,-0.004130072538134598
1966-04-01,37.13208315378637,36.45545410902519,0.01839029106402057,21.91947072261904,21.631084469065982,0.013243939948131445,6.619399792854115,6.175441578742793,0.06942430942167555,107.68828912834805,105.38885257759131,0.02158397471581086,34.147441065523346,34.05552912185351,0.0026952491675213963,18.860284873045828,18.795927620876583,0.003418151246136869,21.68933862899913,21.41023350220417,0.012951823632277648,0.04586666666666667,0.04426187454521033,0.0016047921214563388,0.022818060767461734,0.022392804639979825,0.0004252561274819093,0.03833333333333334,0.041938407596633885,-0.003605074263300548
1966-07-01,37.33937139648095,36.749241321315125,0.015930722255996344,22.062326921120242,21.792556809726175,0.01230300897989478,6.523335847956894,6.2283891957345405,0.046268134915075754,107.88531289240464,105.57491592817202,0.021647940730824544,34.577743754945,34.34658986680199,0.006707493352184457,18.860207404117006,18.86939968522222,-0.0004872715088355406,21.5464363838942,21.544868547807663,7.276809508161008e-05,0.05043333333333333,0.04536139792027727,0.005071935413056061,0.026834710245432047,0.02368180174718764,0.003152908498244407,0.03766666666666667,0.041181654153932,-0.0035149874872653294
1966-10-01,37.53514485261179,37.029774312133384,0.013555389975423715,22.074197693598403,21.948903475093356,0.005692218561943463,6.569873290208943,6.276202906819484,0.045729381249177026,107.29693475332496,105.72707944775009,0.014739030534613562,34.96402602264274,34.63868864602675,0.009348478648874003,18.95276774588424,18.93943285859375,0.0007038328536346228,21.51895695388676,21.670131072845194,-0.007000598681976111,0.0521,0.04644023240439825,0.0056597675956017515,0.03162197907899489,0.025007378165204763,0.006614600913790125,0.037,0.04053712063609622,-0.003537120636096222
1967-01-01,37.741528305743174,37.29605689019049,0.011873427106154466,22.10014457693362,22.099829621427517,1.4251388686048472e-05,6.384857787971013,6.319181029950401,0.010339600511537705,106.82594013923645,105.8442065957035,0.009232518358843755,35.336502758579,34.930140079995965,0.01156643301867799,19.040798882942838,19.00608504257999,0.0018247933293835672,21.704459932827262,21.78615465203719,-0.003756894036933911,0.04513333333333333,0.047495499098950594,-0.0023621657656172634,0.026606216071108912,0.02635939270131463,0.0002468233697942822,0.03833333333333334,0.04001325193534764,-0.001679918602014302
1967-04-01,37.62405550390181,37.547407942633306,0.002039273530585639,22.311555986260498,22.245118798411863,0.002982145207479636,6.093313425014375,6.357826904687388,-0.042494627189659795,105.7874885421121,105.92616641341957,-0.0013100514576658284,35.63420032956732,35.219408554746195,0.01170855006533067,19.046432963591567,19.06942574499118,-0.0012064681194443594,22.029790927485692,21.892995632264213,0.0062289188930853,0.0366,0.0485278564600589,-0.011927856460058901,0.023196638854370066,0.027731838288371783,-0.004535199434001717,0.03833333333333334,0.03961628224350978,-0.0012829489101764402
1967-07-01,37.79376611254198,37.78343502962096,0.0002733915209676141,22.308347979907264,22.38455659579111,-0.0034103261118625383,6.2390969631127495,6.392709705738366,-0.024322778151195656,105.6219338853172,105.97347443840982,-0.0033227646981304204,35.80611327519432,35.50516653877078,0.008440418510049064,19.119599220904995,19.129549475172585,-0.0005202863243369826,22.303237367349528,21.990674624270035,0.01411335857268492,0.043,0.04953648659024425,-0.00653648659024425,0.02490016443504839,0.029118862123836884,-0.004218697688788495,0.03799999999999999,0.03935139580327989,-0.0013513958032798992
1967-10-01,37.905022401212484,38.00381108398438,-0.002602825890168692,22.286556363407982,22.517972829911194,-0.010330139768077728,6.349605897408926,6.4242497019287725,-0.011687098473875057,105.62227486636,105.9865948916356,-0.003443337565743221,36.02161960483446,35.7863092283668,0.006553906304720858,19.135611301664763,19.186539566175277,-0.002657903762648406,22.422060607701937,22.079312678833745,0.015404230525571272,0.04753333333333333,0.050513116681740175,-0.0029797833484068448,0.025757575757575868,0.030511776905524333,-0.0047542011479484655,0.039,0.03922297501428636,-0.00022297501428635708
1968-01-01,38.52825508346464,38.208234492069096,0.008340815392042789,22.72144600318329,22.64515267330872,0.003363417316843531,6.452028575458704,6.452784352188722,-0.0001171309859537839,105.40196957619989,105.96580559988432,-0.0053351307749283094,36.2799715136657,36.06189252478481,0.0060291410067074835,19.427997634440526,19.240476035896013,0.009699015801252653,22.468781658337708,22.159241632233687,0.013872224993137117,0.050499999999999996,0.05144538862266135,-0.0009453886226613514,0.03370329478761125,0.031899258645193045,0.0018040361424182041,0.03733333333333333,0.03923455765378052,-0.0019012243204471896
1968-04-01,39.03925570968575,38.39636094334136,0.01660500854726843,22.980976160715002,22.765737214050628,0.009410098302883974,6.641040580626175,6.478615259814765,0.02476187210448355,106.04924542858703,105.9111889626366,0.0013026627905308175,36.57274763119837,36.331098856715684,0.006629270500971618,19.55240775913802,19.291409569284543,0.013438541095771583,22.52356888316073,22.231024414540656,0.013073457437351887,0.0552,0.05231908193652966,0.0028809180634703363,0.03932681741946675,0.033267011978884466,0.006059805440582287,0.035666666666666666,0.039389542139629787,-0.0037228754729631205
1968-07-01,39.18253324200049,38.5680664752412,0.01580642624746531,23.32931305343023,22.87941604026068,0.019472997356153154,6.415538424751517,6.5020527165742745,-0.01339500289941209,106.36393229205297,105.82250682191813,0.005103310536327399,36.87666444531629,36.593232056318136,0.007715644327302762,19.529759313832084,19.3395103298867,0.009789250221282852,22.645710936208733,22.29543525850189,0.01558851077325274,0.05196666666666666,0.05311938527897786,-0.0011527186123111988,0.0403965161586064,0.03460186906522905,0.0057946470933773475,0.035333333333333335,0.039690138624501305,-0.00435680529116797
1968-10-01,39.1497956767541,38.723652400703564,0.010944616948336261,23.25365130092357,22.98601613583605,0.011576127972367178,6.501576555473476,6.523515846422577,-0.003368776361902137,106.51776751338149,105.69964073080587,0.007710308427560264,37.08804432125245,36.84773739834034,0.006500445752222195,19.4561581860213,19.385114540501142,0.003658156376414201,22.739610462330305,22.353448848456246,0.01712773806326462,0.05586666666666666,0.05383328787942834,0.0020333787872383186,0.04294966481081697,0.035894449441257636,0.007055215369559331,0.034,0.0401362304638916,-0.006136230463891598
1969-01-01,39.58544942018423,38.86383310289726,0.0183975339915885,23.39272244655665,23.085650781071095,0.013213721225720398,6.8698301328217095,6.543376953791689,0.04868599399772311,107.03443606487089,105.54284281853495,0.014033651517614487,37.32323697202471,37.09423316824641,0.006154590480312638,19.567544686043142,19.428681726776702,0.0071218966030039965,22.789445080997375,22.406275107122976,0.016956435388591817,0.06093333333333334,0.05444705851817082,0.006486274815162521,0.041992242396986956,0.03713899429843441,0.004853248098552546,0.034,0.04072497800999025,-0.006724978009990244
1969-04-01,39.544396036634325,38.98962197995481,0.014128483402509051,23.44936204571928,23.178611150858426,0.011613369370992555,6.769090432145564,6.562000683686372,0.03107118645928386,107.58607483546679,105.35290487345998,0.02097550990570074,37.656574083880464,37.3324890786946,0.008643581057155014,19.421511454426458,19.47072096857592,-0.0025305587951138797,22.609226847371055,22.455380486805613,0.006827839732829855,0.06196666666666666,0.054948236837236986,0.007018429829429677,0.04457181013855638,0.038334154337829544,0.006237655800726834,0.034333333333333334,0.041449706470946875,-0.007116373137613541
1969-07-01,39.634642798773406,39.10251421577241,0.013516786863211117,23.42107246139278,23.26539274907796,0.006669182969386345,6.832996471617624,6.5799570732130235,0.03773507793654085,107.65557842308758,105.13156779605023,0.023724450064702474,37.94460184246714,37.562423483088246,0.010123074546285693,19.405842392879826,19.511833170882035,-0.0054469357956778985,22.341296574036058,22.50248551798594,-0.007188940389424303,0.07023333333333333,0.055328416400418,0.014904916932915326,0.04653852508674339,0.03948161354057479,0.0070569115461685955,0.035666666666666666,0.04229953794365487,-0.006632871276988202
1969-10-01,39.25113816971902,39.20438402411898,0.001191863869548726,23.4636393807363,23.346674432337718,0.004997411138504937,6.486976824277489,6.597950999494091,-0.0169625446257764,106.83235055293416,104.88196333147843,0.018425229388489228,38.21677907996677,37.78416674127787,0.011384516507721543,19.2659450774239,19.55259367438143,-0.014768912817978208,22.139598863085027,22.549422551683655,-0.01834164923882531,0.07353333333333334,0.05558357729014843,0.01794975604318491,0.0470094781566619,0.040586954422677374,0.006422523733984525,0.035666666666666666,0.0432591467917966,-0.007592480125129933
1970-01-01,38.98887386019348,39.297468795229825,-0.007883789763025728,23.42911604297595,23.42324741494299,0.00025051577468104824,6.23528971771186,6.616851213249035,-0.059394564841659614,105.86479040148417,104.60877088253447,0.011935317874984364,38.3790206204838,37.9981021171359,0.009974758095225855,19.222201691266,19.593516022812747,-0.019132747265888206,21.798954334821516,22.597937950456714,-0.0359966586332483,0.0721,0.055719015161945905,0.016380984838054093,0.04898575744497191,0.041660170069860836,0.007325587375111076,0.04166666666666667,0.04430906183450633,-0.0026423951678396576
1970-04-01,38.83772403792101,39.38406435946482,-0.013969233306705409,23.34429662584282,23.495990639024452,-0.006477097062009385,6.238596533478625,6.6374662736208645,-0.061975062790439406,103.93272720774385,104.31784252089338,-0.003698580538498142,38.466778267406085,38.204901964441184,0.00683113557785342,19.362816421499414,19.634936837522805,-0.013955923608876653,21.529716653695143,22.649533664697067,-0.05070511220668816,0.06676666666666667,0.05575124426885511,0.011015422397811558,0.047251225229064664,0.04271526764518247,0.004535957583882193,0.04766666666666666,0.045425066590840085,0.0022416000758265775
1970-07-01,38.9737052910693,39.46629696057693,-0.012559870751986502,23.450489228502825,23.565800426797182,-0.0049051692655974755,6.240621591403522,6.660368462585964,-0.06509501630738423,102.8367117650127,104.01575429653926,-0.011399963683269121,38.538425980393235,38.40550007433637,0.003455140518859423,19.55222966336202,19.676960302995905,-0.006359094340866012,21.71308367972305,22.70521536989116,-0.04467963667214114,0.06326666666666667,0.05570701697944448,0.0075596496872221836,0.04467950742027149,0.04377083280380899,0.0009086746164625042,0.051666666666666666,0.04658129308287397,0.005085373583792699
1970-10-01,38.331193278210776,39.54596770493986,-0.03119972404108573,23.245060559666015,23.633489851070227,-0.016572107185119034,5.871608332765108,6.685880770276266,-0.1298693668310631,101.4643683177094,103.70877325129663,-0.021879028095409758,38.6020819050082,38.601020581511094,2.7494322455634546e-05,19.387355539685036,19.71951951555578,-0.016987906274849696,21.87789184921934,22.76527884642739,-0.03975989529370372,0.05353333333333334,0.05561997030128108,-0.0020866369679477387,0.04614744290099382,0.04484828617439702,0.0012991567265967993,0.05833333333333333,0.04775327433273148,0.010580059000601848
1971-01-01,39.153178957588224,39.624582206450896,-0.011968069888220079,23.426111480262204,23.699809705193392,-0.011615743329571604,6.53595774199157,6.7140604481323605,-0.02688500970052865,101.36626074751905,103.4023583149653,-0.019887467959102345,38.581470292105664,38.792698699903255,-0.005459934117320486,19.81926446918963,19.76246846599799,0.00286981079200066,22.118218605668368,22.82938760664714,-0.03164699590564091,0.0384,0.05552846602298648,-0.017128466022986483,0.04397243365562642,0.0459696163072385,-0.001997182651612084,0.059333333333333335,0.04891972172102601,0.010413611612307326
1971-04-01,39.140802512533654,39.702884171571064,-0.014258368812913869,23.466283269018376,23.765273600657764,-0.012660786361728071,6.679762286692094,6.7444209277533895,-0.009633232808282655,101.1236102185687,103.10049465644695,-0.01936055676215087,38.72237909600936,38.98179786930556,-0.006677111765423849,19.81858520486928,19.805449593930994,0.0006630123098858576,22.545821149855442,22.896634304503703,-0.015440192242576867,0.0425,0.05546956178507729,-0.012969561785077285,0.04430540719263454,0.04715762372557954,-0.0028522165329449983,0.05900000000000001,0.05006595916524635,0.00893404083475366
1971-07-01,39.24612499322968,39.781325693361644,-0.013544885428003361,23.51414995571603,23.83022808193628,-0.013352496554656312,6.733600971305328,6.776354915031353,-0.006329271066668252,100.57140267927427,102.80584331075082,-0.021974243297615992,38.89994039958788,39.16947436848383,-0.006905009871671641,19.910860375509337,19.848137823702956,0.00315514005283557,22.856568177714394,22.965647878620636,-0.004761005308695054,0.050100000000000006,0.05546960993680573,-0.005369609936805728,0.044380635736235075,0.04843386071350895,-0.004053224977273874,0.06033333333333334,0.051183819090138985,0.009149514243194358
1971-10-01,39.116369833989495,39.8600072391605,-0.01883245119312793,23.71829018103359,23.89483453028163,-0.007415819037146498,6.520320604968079,6.809203581327425,-0.04335161764160467,101.07103459131478,102.51979506476086,-0.014232320097709916,39.07873281373573,39.35674352822586,-0.007088931990811176,19.749486919763946,19.890213534840495,-0.007100316333568113,23.14957929832358,23.034818881011137,0.004969671925109775,0.0423,0.05554685685130838,-0.01324685685130838,0.03739805052715339,0.04981809691978246,-0.012420046392629065,0.059333333333333335,0.05227071769597209,0.007062615637361248
1972-01-01,39.38729585184048,39.938691965493845,-0.01390225346352425,23.65102440752979,23.95905620012814,-0.012939952496864304,6.816327219266854,6.842268524386982,-0.003798536364789662,101.06644744703782,102.24232227526936,-0.01156750829315456,38.978320765990375,39.544469923680644,-0.014420245721515457,19.904777291222057,19.931393767263543,-0.0013362971036117166,23.224870596556002,23.10244974642187,0.005285051420209186,0.03436666666666667,0.055716192895511295,-0.021349526228844624,0.03847480171437012,0.051327568727544993,-0.012852767013174872,0.057666666666666665,0.05332978962941585,0.004336877037250816
1972-04-01,40.070016309073054,40.01667014602911,0.0013322107155397944,23.96425357214588,24.02274466465697,-0.002437790386024652,7.176265021384092,6.874651475724894,0.04293810787793095,101.26716718337096,101.9724919336431,-0.0069408459445297055,39.19083032346948,39.73335875404173,-0.01374830663272908,20.185249792775558,19.97130473019008,0.010655649592013372,23.53506610686817,23.166895193164663,0.01576715541681617,0.0377,0.05598422915080848,-0.018284229150808483,0.03273258645884081,0.052971749990946074,-0.020239163532105267,0.057,0.0543685836719138,0.0026314163280862016
1972-07-01,40.235432252337105,40.09287818623353,0.0035492895338342656,24.186758450114812,24.085555201558787,0.004193020353695509,7.266948690494911,6.905420956944909,0.051029741913346305,101.30527100947435,101.70864673140088,-0.003973877823232108,39.48293942792459,39.923768878810016,-0.011103192390081507,20.21102447429712,20.009553182687334,0.010018402939796278,23.969592796239674,23.226569502658336,0.03148919967160868,0.042199999999999994,0.056344233244700906,-0.014144233244700911,0.03164190623191221,0.054752081584752,-0.02311017535283979,0.05566666666666666,0.05539735915305775,0.0002693075136089157
1972-10-01,40.71400108631516,40.16627805354787,0.013544251126075046,24.525202194889506,24.147102829714704,0.015536842598535827,7.344215060234627,6.933815991671918,0.057502626890781006,101.8814147616262,101.44870714073437,0.004256214180804463,39.807223350725685,40.115721255697466,-0.007719921697667775,20.31791770161223,20.04587679704449,0.013479655573128912,24.33723228284301,23.28010277222399,0.04440833297854008,0.048633333333333334,0.05677804516147028,-0.008144711828136947,0.03365292425695121,0.05665735490652149,-0.02300443064957028,0.05366666666666667,0.05642802003764454,-0.0027613533709778745
1973-01-01,41.50760221979298,40.23591393397022,0.031116618239911187,24.859753888989935,24.207062323266584,0.026605764025790624,7.663157513537094,6.959287492665419,0.09634700948916186,102.87710133301825,101.19036382388657,0.016531551680816214,40.12378266760464,40.308957402085206,-0.004604469808679124,20.5264396156265,20.080137656962272,0.021982642268780772,24.504980589242976,23.32657617368111,0.049283067362352106,0.057,0.057258664739620366,-0.0002586647396203637,0.035246679316888185,0.05866191749421776,-0.023415238177329573,0.04933333333333333,0.05747263860766708,-0.00813930527433375
1973-04-01,41.742425275929016,40.30116556568756,0.035137613559791614,24.815020924515746,24.265341240881803,0.022400106411093024,7.917995914314975,6.981532986843961,0.12586961440173283,103.41653712714485,100.93159943777674,0.024321828691839187,40.50707074392586,40.503018294891675,0.00010004800848006923,20.504169910742235,20.112367031037348,0.019293374702554544,24.40385174563662,23.365718339174784,0.04347105834845344,0.06603333333333335,0.05775400137276235,0.008279331960570999,0.049051976228657646,0.06072573911664804,-0.011673762887990394,0.04933333333333333,0.05854156129926137,-0.009208227965928038
1973-07-01,41.310234701704346,40.362195062802975,0.02321670177407631,24.745062168735743,24.322251153463828,0.017234344086180187,7.615742426881572,7.000672360588169,0.08421128096210384,103.5792123350815,100.67145741056025,0.028474338810057453,40.939354929889724,40.69731884233445,0.005929609464523811,20.195979579611492,20.142873826369737,0.0026329843036134726,24.149338158821696,23.397983831136244,0.031607116702207616,0.08323333333333333,0.058231802789045134,0.025001530544288192,0.058864783991022795,0.06279415501875871,-0.003929371027735912,0.048,0.05964004748276697,-0.011640047482766966
1973-10-01,41.49190517730041,40.420054672198525,0.026172287664902427,24.561069370343834,24.37844823646781,0.007463170478807957,7.893666825591899,7.017383461568471,0.11767034803331367,103.57298410546815,100.41051749920933,0.03100956689659995,41.28421749007526,40.89126525669516,0.009563806999396629,20.22611816990792,20.17221262581187,0.0026687031383283433,23.861606701349164,23.4244727137139,0.01848943478340548,0.075,0.058664991299092986,0.01633500870090701,0.07179296911232713,0.06480520434369116,0.006987764768635968,0.04766666666666666,0.06076760138604471,-0.013100934719378045
1974-01-01,40.92492846542054,40.47639104552089,0.011020508321430533,24.476538232130896,24.43485812658953,0.0017043110086087943,7.364933237332071,7.032724057945668,0.046155863787813,102.61930995269293,100.15113592270917,0.024345716933432016,41.68258159171453,41.0844048138748,0.014454729331013993,20.00270402609032,20.20097481162805,-0.009863395524533303,23.73002139858796,23.44675821677352,0.012008729218953906,0.07616666666666667,0.059042115170120354,0.01712455149654632,0.09050084772945954,0.06669447037769448,0.023806377351765065,0.05133333333333333,0.06191645220727872,-0.01058311887394539
1974-04-01,40.81338036640965,40.533523472713924,0.0068806060116965995,24.551737442035787,24.492529327727496,0.002414477653424729,7.399248389090818,7.0482810239855755,0.04859466530119172,102.37520979851702,99.89758073002834,0.02449912304045654,41.93561606009997,41.2765232577011,0.015841596943984015,19.93681071148895,20.22978900680459,-0.014588413924333299,23.34279866792136,23.466693743771774,-0.005293600027889145,0.08153333333333335,0.05936193204977975,0.022171401283553598,0.10026076791655436,0.06840190375999812,0.03185886415655624,0.052000000000000005,0.0630706410604535,-0.011070641060453495
1974-07-01,40.22569371496301,40.594064050038696,-0.009115911658708509,24.47733924111856,24.552546495764954,-0.0030678151702958623,6.988143742971763,7.065859438342468,-0.011059694028515699,101.51783931034313,99.65559359488964,0.01851436229480452,42.19111753015505,41.46777737242314,0.017293037032618752,19.71548413965082,20.25916255682211,-0.027202839213113617,22.806212995442134,23.48631653954985,-0.029384978010307705,0.0819,0.05963390243040904,0.022266097569590963,0.10972755773391629,0.06988233411567636,0.03984522361823993,0.056333333333333326,0.06420759461025732,-0.007874261276923998
1974-10-01,39.86949261947247,40.66081588497628,-0.019653438593696837,23.90354134297633,24.616042473157872,-0.029371742139986168,7.011933759254053,7.087498761377455,-0.010718974047174923,99.36060747700493,99.4323855115117,-0.0007221385074691611,42.334727367078195,41.658739740644975,0.016096542868722086,19.792077693374353,20.28942078509278,-0.024817865477452905,22.381242969549685,23.507593147232754,-0.04910024096643539,0.0736,0.059881343930148316,0.013718656069851683,0.1151449588922544,0.07111050285990136,0.044034456032353037,0.066,0.0652978203707157,0.0007021796292843024
1975-01-01,39.193616688587504,40.736370494116095,-0.03860742337868661,23.892566638427894,24.684115505295946,-0.032592548558519674,5.9248443296904805,7.115219277383989,-0.18308163688880663,95.8196396006932,99.2362586716404,-0.03503578807466834,42.48566167509307,41.850446124577246,0.015064189692621355,19.89614149144133,20.320545546411264,-0.02110665207839224,22.193570935264578,23.532065285860558,-0.05856132191608454,0.0575,0.06014149047811869,-0.002641490478118687,0.10328599041936304,0.0720860546726067,0.031199935746756335,0.08266666666666665,0.06630690444255606,0.01635976222411059
1975-04-01,39.287737585773556,40.82284172594748,-0.038329321510494285,24.107074683802686,24.757423381718638,-0.02662002589601986,5.786204999842344,7.15103712622468,-0.2117807625574637,94.49533035653715,99.07542215264954,-0.04733098094537702,42.365327688635496,42.0443744581798,0.007604689249057994,20.14514494193012,20.352202984765015,-0.010225847258418685,22.56312580863461,23.560559027281062,-0.04325711393594256,0.05393333333333333,0.060460150163484896,-0.006526816830151563,0.08605753514220327,0.07283615576874615,0.013221379373457118,0.08866666666666667,0.06720087178877412,0.021465794877892547
1975-07-01,39.734332906573975,40.92138127963659,-0.029437073434206873,24.335588275433093,24.83612840142728,-0.020359566421187303,6.1627698893217815,7.1962077777796445,-0.15502785590025092,94.81499410538481,98.95589616536273,-0.04274669517109153,42.17444600212226,42.2424278323075,-0.0016106221847200786,20.361622330244476,20.38378831012168,-0.0010880234959227408,22.849259332273036,23.593042663297577,-0.032033163693828026,0.06330000000000001,0.06088148014386286,0.002418519856137148,0.07735158363838934,0.07340747232311522,0.003944111315274126,0.08466666666666667,0.06795597222375571,0.016710694442910956
1975-10-01,40.07136239723628,41.03217840900494,-0.023694673622857376,24.477785811034554,24.919983209931452,-0.017904015502525628,6.282755192276079,7.25108932444099,-0.14334310007375795,95.95736902153324,98.8807927664156,-0.030010990990949615,42.11695335856148,42.446747244603166,-0.007799932020796874,20.384828520155004,20.41456251071482,-0.0014575705701833641,22.90260883247997,23.628847442695903,-0.03121748795050161,0.05626666666666668,0.061445558316349645,-0.005178891649682965,0.06825501532730582,0.07385493387261786,-0.005599918545312041,0.08299999999999999,0.06856187168368533,0.014438128316314663
1976-01-01,40.7773700577854,41.15467725225214,-0.00921031205964784,24.861001065152603,25.008421545666536,-0.005912276590323007,6.82363370881727,7.315375391499317,-0.06958621935417009,97.07076629512041,98.85063011178383,-0.018169662074233095,42.09755849942929,42.659473254246166,-0.013259619315047821,20.59233515558325,20.44376828447846,0.007240820046579,23.271975160696243,23.666828243618564,-0.01682456169990809,0.04916666666666667,0.06219397415295242,-0.01302730748628575,0.06006246191346731,0.07423593502373006,-0.01417347311026275,0.07733333333333334,0.06901868028877431,0.008314653044559028
1976-04-01,40.89265602226944,41.28771310504919,-0.009614464626004793,24.936075543365998,25.10059030766271,-0.006575792144181136,7.1152610406479555,7.388117158426888,-0.03763100050093571,96.68761333731352,98.86413192797195,-0.02226120222174366,42.22526570565166,42.88258267953952,-0.015446990059808208,20.681771613210675,20.470625649318553,0.010261750507981393,23.625331412780582,23.70537084912064,-0.0033821392378183823,0.05156666666666667,0.06316508031839725,-0.011598413651730581,0.0559861539619233,0.07460437043383697,-0.018618216471913668,0.07566666666666666,0.06933553198943165,0.006331134677235006
1976-07-01,40.91879140993375,41.42987520221972,-0.012412838617798627,25.134101892748436,25.195532034205186,-0.0024411134025439374,7.120865433992022,7.468026164095636,-0.04760146141236965,96.60739589306974,98.91895691077254,-0.02364559749395667,42.406916353955005,43.1177404461725,-0.01662305321054136,20.675071131791583,20.494443975173162,0.008774857568454308,23.828254547675307,23.742601041696304,0.003601095564916168,0.0515,0.0643890874102313,-0.012889087410231308,0.052297237405820596,0.07500527633962983,-0.022708038933809238,0.07733333333333334,0.06952675739421924,0.007806575939114102
1976-10-01,41.03263134298531,41.57948894896437,-0.013239354995698172,25.29510460748117,25.29217146402417,0.00011596368447053251,7.162726240276832,7.553594721394729,-0.053132903672705956,96.69755715073931,99.01143479443566,-0.02364720644191376,42.59973198594836,43.366235126164405,-0.01783318398258693,20.687151249739102,20.51466221195922,0.008372934635474394,24.149407824466593,23.776582732118765,0.015558681578897726,0.04673333333333333,0.06588895701746943,-0.0191556236841361,0.05128950236106067,0.07547205259250493,-0.024182550231444264,0.07766666666666666,0.06961064407087217,0.008056022595794493
1977-01-01,41.33760092707071,41.73453526639182,-0.009556450053294085,25.530580328866332,25.389378252075932,0.005546054736031536,7.489749318549904,7.643025184991824,-0.020258163275703733,97.29168425891727,99.13646222646446,-0.018783786757859744,42.7984286153015,43.628938954127975,-0.01921928034069298,20.724311546377397,20.530831455849544,0.009379752194428104,24.468126109424567,23.80542334276188,0.027457869159046577,0.0463,0.06767959504949506,-0.021379595049495055,0.05863543275967387,0.07602390651952494,-0.017388473759851072,0.075,0.06961035869708754,0.00538964130291246
1977-04-01,41.94394009359808,41.892620040040434,0.0012242883030042506,25.6240669595577,25.486006463279093,0.005402490070117505,7.950585014363695,7.734178882066101,0.02759619044591366,98.6731674235541,99.28747793485662,-0.00620641018927337,43.05756586535662,43.90626406808749,-0.019519037946489348,20.79248107079321,20.54261115777149,0.012090112453285062,24.661517015170105,23.827455568806887,0.03440550195973113,0.0484,0.06976393515088904,-0.021363935150889038,0.06780446091356107,0.07666493135385782,-0.008860470440296753,0.07133333333333333,0.06955410296468476,0.0017792303686485766
1977-07-01,42.49247481090427,42.05106214298348,0.010442351831667196,25.812827586911308,25.58098142797889,0.009022399239727363,8.30672780032553,7.824714403331289,0.059778527030494466,99.24765397750188,99.45673673927733,-0.002104461186649864,43.41289289553067,44.19811049245784,-0.017925570815469527,20.924790114675112,20.54978315858674,0.018084196970249877,24.804475094556906,23.84142016747547,0.039599673047188144,0.05496666666666667,0.07213154871932628,-0.017164882052659612,0.06766811736627831,0.07738835253257166,-0.009720235166293348,0.06899999999999999,0.06947344709129756,-0.00047344709129756857
1977-10-01,42.30392169676248,42.2071720958499,0.0022896317829417256,25.895292491028258,25.673299564219462,0.008609670702838912,8.254470943376333,7.912316999008419,0.042334326969220015,99.78033348194205,99.63606698973004,0.001446887187202428,43.86272579810307,44.50384035893396,-0.014510596891087246,20.684820048425706,20.55228731237973,0.006427860771691218,24.672254430536313,23.84657518881418,0.0340387007795897,0.061099999999999995,0.07475865469301239,-0.013658654693012397,0.06599405707967665,0.07818185769870938,-0.012187800619032726,0.06666666666666667,0.06940107331354013,-0.0027344066468734662
1978-01-01,42.25822870155906,42.358497337150936,-0.002369949470208521,25.976448341186583,25.762089087261323,0.008286298419682758,8.341278932434388,7.994872261151741,0.04241618501021582,99.81483883347212,99.81711165771227,-2.2770145106321138e-05,44.289812503418226,44.82230227523861,-0.011951149652019488,20.587894054359197,20.550298872923737,0.001827751256260779,24.667067889586075,23.842777399710265,0.03398773312074743,0.06393333333333334,0.07761074395887003,-0.013677410625536693,0.06424571525538769,0.07902705934833494,-0.014781344092947249,0.06333333333333332,0.06936936796359457,-0.006036034630261242
1978-04-01,43.70164908431619,42.50261272511519,0.027820287946879407,26.453499325523186,25.846606953209072,0.02320911591945629,8.820125994396998,8.070404528196818,0.08883254656040629,102.27865512294187,99.99154420307822,0.022615376918915686,44.72117147132326,45.15190677154717,-0.009585486703977963,20.88535017381922,20.54407858421477,0.016475211903879572,24.549498128838177,23.830400601527128,0.02972930943819385,0.06476666666666667,0.08064477074463877,-0.015878104077972105,0.0678367646568121,0.07989795260212543,-0.012061187945313329,0.06,0.06940900836948864,-0.009409008369488644
1978-07-01,43.93942937479916,42.63700083071056,0.030089640015774854,26.458784843022155,25.926237084653668,0.02033276252856675,9.032939547647219,8.137102265825806,0.10444371611923753,102.67410481009465,100.1509794133139,0.024881099602152013,45.244553748602044,45.49068011919394,-0.005425168675389891,20.861253699449904,20.53391305721939,0.015815733632473794,24.477114565672263,23.81033314114086,0.02761892959871526,0.07313333333333333,0.08380914089641722,-0.010675807563083894,0.07047994740302421,0.08075929424069979,-0.010279346837675576,0.06033333333333334,0.06954689933760623,-0.009213566004272887
1978-10-01,44.32383971412545,42.759862653721314,0.03592280071078546,26.508134505748238,26.000736098501577,0.019326799268349237,9.22919363772075,8.193582323973319,0.11902047707745478,103.43267422288275,100.28840139136611,0.03087086133211958,45.79685373268387,45.83631516763128,-0.0008612915576406976,20.854566302063265,20.52030202500634,0.016158192797604,24.32105304420547,23.783910379670015,0.022333038080155188,0.0857,0.08704233644525526,-0.0013423364452552627,0.07542460780500448,0.08156830280221117,-0.0061436949972066834,0.059,0.06980406504410025,-0.010804065044100253
1979-01-01,44.20433944842571,42.870194320815685,0.03064614843860225,26.543160897457085,26.07019262313734,0.017979504581279837,9.199298475442301,8.239003335161415,0.11024784634320062,103.71061562868695,100.39832939502686,0.03245891101567544,46.385850523486965,46.18627713195226,0.004311744923243488,20.669438808464008,20.503948499758394,0.008038745933188096,24.127479530019386,23.752877711645272,0.01564773044344392,0.09383333333333332,0.09027616704247587,0.0035571662908574497,0.0780024236239556,0.08227577223303915,-0.004273348609083558,0.05866666666666667,0.07019577118637096,-0.011529104519704292
1979-04-01,44.06528787316525,42.96795787481206,0.02521767723376067,26.488264019724003,26.13501538947339,0.013425766707249043,9.17091319082392,8.273168768272495,0.10301926602686873,103.60410336699685,100.47721765410896,0.0306459250383595,46.95817918440108,46.53792735222473,0.008989778890274636,20.529882059144636,20.485761464490853,0.0021514040927423927,24.007709252111283,23.719306073318943,0.012085678823698931,0.09376666666666666,0.09344160337912373,0.00032506328754293434,0.08518217611399281,0.08282865667019011,0.0023535194438027013,0.057,0.07073053092116607,-0.013730530921166072
1979-07-01,44.19014388008789,43.05395163717885,0.02604775661407821,26.701742842467052,26.195914596756555,0.019125371087672427,9.038606554665934,8.296499673081724,0.08567132062364191,104.07405852019964,100.52357560719867,0.03471046372840281,47.485448350274915,46.88867222344081,0.012647197723136383,20.447509002661157,20.466750220231887,-0.0009405629897587531,23.940231233618306,23.68548785062034,0.010697825350167722,0.09673333333333334,0.0964718393751753,0.00026149395815804055,0.09292470212504611,0.08317123940778971,0.009753462717256398,0.05866666666666667,0.07140965171490846,-0.012742985048241784
1979-10-01,44.07300510130444,43.12967093614285,0.021636284754113166,26.778817591591636,26.253829684020577,0.019799315500870218,8.864733789915782,8.310002508169896,0.0646209990441502,103.77395380453326,100.53786642940943,0.0316805755784495,47.93142708826908,47.23610580040598,0.014612833592725138,20.364882232015727,20.44794806080469,-0.004070579907857308,23.730977975894405,23.653881344118865,0.0032540647334542427,0.11843333333333333,0.09930027211516176,0.01913306121817157,0.0986165948340818,0.08324927468961604,0.015367320144465763,0.05966666666666666,0.0722258594521953,-0.012559192785528639
1980-01-01,44.02370805006194,43.197333496579006,0.018949539398048998,26.86232634716824,26.31002439198898,0.02077477528895466,8.75098861643722,8.31517373392838,0.05108467225800739,103.08510005187294,100.52276531762237,0.025170638777930243,48.36120693073636,47.578129428941814,0.016324792774325747,20.36662619740101,20.430372515214312,-0.0031250519255570097,23.54954669009121,23.627090108069236,-0.003287368200608487,0.13353333333333334,0.10186046211733817,0.03167287121599517,0.11066737664181758,0.08301461267364547,0.02765276396817211,0.063,0.07316391565196861,-0.010163915651968614
1980-04-01,42.94826283684592,43.25976174269577,-0.007226711505024408,26.17292763585579,26.366100266239368,-0.007353523982815524,7.9728168645193955,8.313877851395034,-0.04188828500510988,100.82874736681777,100.48296285180894,0.003435317843112351,48.76343605244918,47.91302616627663,0.01759335833958131,20.098634714147277,20.41498581997261,-0.015617342093887654,23.253422266459708,23.607756022151996,-0.01512298758837849,0.09616666666666668,0.1040979280632209,-0.007931261396554215,0.10757889887122785,0.08242870809294468,0.025150190778283163,0.07333333333333333,0.07420073233767949,-0.0008673990043461532
1980-07-01,42.720576423229225,43.32031045224826,-0.013940900980808468,26.378351909874986,26.424015782901552,-0.0017296150307553049,7.404111451188232,8.308261883839426,-0.11521497997165664,99.9537050112626,100.42474276247597,-0.00470148984681984,48.94571321646249,48.23953012451197,0.014532978400652485,20.079435125668333,20.402707993109136,-0.015971473564593275,23.335808199236148,23.598469449168427,-0.011192842641435163,0.09153333333333334,0.1059779841788363,-0.014444650845502963,0.10604102275920191,0.08147029865806044,0.024570724101141472,0.07666666666666667,0.07530686908549653,0.0013597975811701496
1980-10-01,43.3670613460984,43.38215814315709,-0.00034805609318411257,26.60910246775482,26.48562513088951,0.004651217364024074,8.010471766124573,8.300259270945258,-0.035537095287916376,100.94797208455103,100.35460255839,0.005895316994799948,49.01301993104223,48.556883919811675,0.009350000692208038,20.24283544567417,20.394258940000405,-0.007452510936232226,23.14608854773038,23.601604458959187,-0.019488890234231615,0.13613333333333336,0.10746098765183794,0.028672345681495418,0.1066363062741762,0.08013384094877597,0.026502465325400223,0.074,0.07645234334721064,-0.002452343347210645
1981-01-01,44.06340533577577,43.44812309855095,0.014061973021807006,26.596153261805966,26.552772105636958,0.0016324381162102775,8.735671098601735,8.291202576005773,0.05221974724707268,101.17859628198738,100.27873320980409,0.008933594614980223,49.22885818856769,48.864764339389275,0.007423429002066495,20.505828443796684,20.39015573336176,0.005656937776743032,22.858617456041518,23.61938850595843,-0.03273974380989264,0.1439,0.1084982677631008,0.0354017322368992,0.10225063257424427,0.07842914824743773,0.023821484326806544,0.07433333333333333,0.07760802244810096,-0.0032746891147676233
1981-04-01,43.59346155290966,43.521032040811804,0.0016628582868243313,26.431830182518794,26.62739914749606,-0.007371756171088872,8.40629197548391,8.282235565340834,0.014867542386792998,100.92381095448089,100.20367829992013,0.007160987636043892,49.62601277388293,49.16313793141956,0.009371033691094599,20.263338819442584,20.39082261798269,-0.00627164412684289,22.944976678682877,23.65379235914221,-0.030424424089356528,0.14906666666666665,0.10905907400955087,0.04000759265711579,0.09395798668885202,0.07638259787722049,0.017575388811631537,0.074,0.07874324099885462,-0.00474324099885462
1981-07-01,43.96609997469932,43.60411635222588,0.008267324197928971,26.403035872856496,26.711502657944408,-0.011615285067897663,8.795582394330761,8.27476726392753,0.06103879913294774,100.52639268797078,100.13652129499442,0.003885838950680842,49.92229541070259,49.452210347032626,0.009460949093649251,20.446387607574096,20.396759166057322,0.0024301979578962296,22.84281998561381,23.7063455052737,-0.03710591100569838,0.15053333333333332,0.10913478197076218,0.041398551362571145,0.08657656742201002,0.07403545558900332,0.012541111833006699,0.074,0.07982528692946199,-0.0058252869294619924
1981-10-01,43.34023362791739,43.700683085057484,-0.008282346538549756,26.082822718584392,26.806988785707443,-0.02738566483063609,8.499371076065147,8.270278999318366,0.027323924926903942,99.74967766386759,100.08477584307096,-0.0033537609497589216,50.304723220880575,49.73249324713713,0.01144046656352593,20.20316946122797,20.408389374708477,-0.0101065640506528,22.956670561608366,23.778177856036713,-0.035159712711818614,0.1175,0.10874177197171941,0.008758228028280579,0.07657791660469027,0.07143997175167252,0.005137944853017745,0.08233333333333334,0.08081848364428917,0.0015148496890441676
1982-01-01,42.541162925192964,43.8143051585785,-0.02948821923866607,26.16878223560076,26.91560732482435,-0.028139133686631013,7.643684635633388,8.27056679858517,-0.07882327432753922,97.78141196918031,100.05618838130748,-0.022997414691621643,50.62101631790942,50.004814510847176,0.012247541304393206,20.045216928354158,20.426173765258113,-0.018826538078230648,23.089293129688276,23.869923405786995,-0.033250222340296176,0.12813333333333332,0.1079222984320089,0.02021103490132442,0.06270539338874914,0.06865623492901,-0.005950841540260862,0.08833333333333333,0.08168351374337132,0.006649819589962011
1982-04-01,42.605366879495556,43.94838168822117,-0.031035573370433944,26.080598375054986,27.038689396086372,-0.03607710029641131,7.590532121030138,8.277574885187981,-0.08664834011201394,97.93338565602609,100.05829981269392,-0.02146550489764465,50.708315366522136,50.27038722551094,0.00867372773348496,20.04312326248452,20.450450558055028,-0.020118798930359283,23.209379137331407,23.981745500139287,-0.03273646664425511,0.1242,0.10672408966373466,0.017475910336265346,0.055230761918342086,0.06574754490033084,-0.010516782981988756,0.09433333333333334,0.08238200660779924,0.011951326725534103
1982-07-01,42.319032065212994,44.10556465515178,-0.041349041665447395,26.219588597432107,27.177131650092722,-0.03586908371485853,7.454200560491926,8.29285920269177,-0.10661710035506866,96.95162546296221,100.09723712197994,-0.03192993722073023,50.78598036314159,50.5308430796501,0.005036435492793867,20.028497549342024,20.481324498989498,-0.022357334035870036,23.194461134353798,24.113355917002647,-0.03885236845952278,0.09316666666666666,0.10520750587581407,-0.012040839209147405,0.054498269896193774,0.0627734821689874,-0.008275212272793625,0.099,0.08287974775590745,0.016120252244092553
1982-10-01,42.20743230181092,44.287716149448336,-0.04811102434638137,26.614754358519836,27.331254162489458,-0.026565151332301973,6.813131206850143,8.317558648344287,-0.19951697017046643,95.75731619387398,100.17782937223384,-0.045129865940959135,50.8206546500751,50.78812716452083,0.0006402495155342081,20.13246103442599,20.51864915102577,-0.019000698059538745,23.40046429984537,24.26400750249893,-0.03623821554858031,0.07906666666666667,0.10344382972112472,-0.024377163054458043,0.05006102194487294,0.05978705424896829,-0.009726032304095349,0.10666666666666666,0.08314999228523394,0.02351667438143272
1983-01-01,42.650080000403335,44.49561559656754,-0.04236150872027267,26.824594604212376,27.500789517984618,-0.024895538213647317,6.944026881291715,8.352298290328935,-0.18465489683644076,96.08420945775163,100.30296760732647,-0.0429702930212752,50.71385694973232,51.04438742488779,-0.00649640998905987,20.313535310863877,20.561995680429092,-0.012157074103784193,24.440964138577673,24.43238007254895,0.0003512780332735055,0.08106666666666668,0.10149681832803847,-0.020430151661371798,0.04545351190340852,0.05683609664659168,-0.011382584743183162,0.10366666666666667,0.08317607045096923,0.020490596215697446
1983-04-01,43.507881207654975,44.72875065915229,-0.027674387468947792,27.346308445618533,27.685024274536353,-0.012310081894352454,7.461730101775235,8.396700200676323,-0.11805149096215706,96.95232162769972,100.47277984482187,-0.03566751544640567,50.64578622664655,51.30183689224417,-0.012870525113921172,20.61098446296905,20.61069216163416,1.4181923630118831e-05,24.8212529071858,24.616591166369137,0.008279604979243071,0.08396666666666666,0.0994149930980182,-0.015448326431351536,0.044952930048196116,0.053962366097985645,-0.00900943604978953,0.10133333333333333,0.08295601042979225,0.018377322903541077
1983-07-01,44.25195589348655,44.98544373954322,-0.01643939352737478,27.827300116779366,27.882809361031086,-0.001992789572375031,7.824011526328372,8.449435320634322,-0.0769022072427834,98.611211183723,100.68474950523974,-0.02080938458813364,50.69803264796229,51.5625242513341,-0.01690802836716765,20.72608593821008,20.663907518431998,0.003004516858286177,24.877772676004913,24.81473049373524,0.0025372928337175082,0.09140000000000001,0.09723410658773841,-0.005834106587738405,0.04223665831541146,0.05120050522381382,-0.008963846908402365,0.09366666666666668,0.08250064702101682,0.011166019645649852
1983-10-01,45.046188382914735,45.2632266110294,-0.004806556348119884,28.163420764009565,28.092760205124744,0.002512100708830012,8.52912087744629,8.508537739253377,0.0024161944630618493,100.17423941049645,100.93414227221392,-0.0075571835636578655,50.836517979751775,51.828122980099906,-0.019317962415324352,20.86358265521145,20.720805295130162,0.006866900207778581,25.067168436392247,25.024971536797718,0.0016847716866670304,0.088,0.09498025614985402,-0.006980256149854022,0.0376526830551962,0.04857952574720874,-0.010926842692012537,0.08533333333333333,0.08183230085077146,0.0035010324825618666
1984-01-01,45.735864435569205,45.55912510890422,0.00387183455170792,28.29972836169567,28.313424713688935,-0.00048385760256941523,9.255556493816997,8.571588665031596,0.07677098262997406,101.66760774301574,101.2149036775334,0.00446272883402532,51.08006116138771,52.09979063058624,-0.01976670161615779,20.945175681335677,20.78058080376506,0.007889406696069301,25.24566107848302,25.245475593291733,7.347237694244058e-06,0.0917,0.09267589282040258,-0.0009758928204025713,0.04028013397711949,0.04612283698698517,-0.005842703009865675,0.07866666666666668,0.08098027130746321,-0.0023136046407965377
1984-04-01,46.408341633742694,45.86996481241617,0.011668678170240199,28.656541947885675,28.543355885650115,0.003957566857715644,9.478128251120769,8.636115907079818,0.09303392096044716,102.73047413720823,101.52046303918763,0.01184841813049875,51.578694396047815,52.37807702818539,-0.015379438538349,21.038302253912768,20.842510667784968,0.00935001012885639,25.50552251180018,25.47437098318039,0.0012221105365810558,0.09796666666666667,0.09033910497532795,0.007627561691338727,0.040842277684382866,0.04384701898527541,-0.0030047413008925453,0.07433333333333333,0.07997604592480077,-0.005642712591467439
1984-07-01,46.73119273145249,46.192605065362216,0.011592158522300888,28.759240435315828,28.78105410882756,-0.000758205175332094,9.597981143457032,8.699990712980492,0.0982308206151381,102.90188273187846,101.84447350802617,0.010329059275649755,52.10861580804495,52.66289368028292,-0.010580797127708763,21.0861441356292,20.905966559715246,0.008581549184529802,25.546881171417702,25.709719860813852,-0.006353883556765361,0.1032,0.0879873710575612,0.0152126289424388,0.03527059223961859,0.04176500009483059,-0.006494407855211999,0.07433333333333333,0.07884966623359235,-0.004516332900259018
1984-10-01,46.97184353116157,46.524159840266464,0.009576604265838284,29.005869240271867,29.02504259262496,-0.000660797924595169,9.417362377960847,8.761530797753412,0.07218440875715526,103.25728332717709,102.18127417227419,0.010475336348040543,52.63004344263776,52.95364161645511,-0.0061297195084808465,21.073717337360645,20.97043529346545,0.004913037613258453,25.8405180591813,25.94953197380135,-0.004209846314235488,0.08803333333333332,0.08564293673609044,0.002390396597242883,0.03482818377784369,0.03988783070508878,-0.005059646927245087,0.073,0.07762764706927648,-0.004627647069276486
1985-01-01,47.3228228141327,46.86200043082756,0.009785569366357105,29.48897999338,29.27378018414898,0.0073243928856938645,9.059947004082954,8.819549957484432,0.026892427110466244,103.85385535466514,102.5257956812998,0.012870241796070658,53.13218149718661,53.24935666245605,-0.0022029238283800545,21.08164821831929,21.035510244999095,0.002190935640462577,26.29948128626205,26.19163715057651,0.0041090489452804135,0.08183333333333331,0.08333755557299284,-0.0015042222396595278,0.03583524984319464,0.03822250220057851,-0.002387252357383872,0.07233333333333333,0.07633368055922903,-0.004000347225895692
1985-04-01,47.62590387730494,47.20370347271678,0.008904459399353026,29.738019762945285,29.525659526640343,0.007166654104777237,9.171027676091656,8.873236028958273,0.03300979104951063,104.31356555857805,102.87357521633126,0.013900607188809033,53.51757052870227,53.54884778804016,-0.0005842590182685292,21.102396670492293,21.100844531354436,7.355544713405493e-05,26.53037787174658,26.433713125250392,0.0036502034494132474,0.07460000000000001,0.08110447512821878,-0.006504475128218765,0.03420785621104505,0.03677284368649882,-0.0025649874754537713,0.073,0.07498856655140752,-0.001988566551407528
1985-07-01,48.22630061948743,47.54706450946464,0.014184475977411903,30.27792169746647,29.779152937789995,0.01661020721158346,9.038441386963932,8.921914690947764,0.012976171583662044,104.33262355677353,103.22091972102122,0.010712555899199394,53.90438053307454,53.85082262042496,0.000994066467187249,21.31210005015396,21.166115922453304,0.006873391412101082,26.860592126283628,26.67342007350131,0.006992669063139445,0.07106666666666667,0.07897600282281887,-0.007909336156152205,0.03433608679570965,0.03554119223532534,-0.001205105439615689,0.07200000000000001,0.07361060467675329,-0.00161060467675328
1985-10-01,48.44169587418534,47.89008070057875,0.011452528384293004,30.29612999020965,30.032813931223743,0.00872939965389552,9.369247698220747,8.965091532505701,0.044094487694600115,104.5465483177815,103.56498592859019,0.009433111637124902,54.22648042356396,54.153939407063106,0.0013386371347650083,21.334272597542473,21.23099917497593,0.004852482829811766,27.024967649394398,26.908397054442602,0.00432277040807838,0.07166666666666667,0.07698038078088859,-0.005313714114221921,0.0351672589143488,0.03452828180236154,0.0006389771119872587,0.07033333333333334,0.07221685171211296,-0.0018835183787796195
1986-01-01,48.65340613231382,48.231119214113576,0.0087173796003861,30.475448827921785,30.28546118602609,0.006253634483766479,9.319235123716151,9.002346969633585,0.034595239314699544,103.88237089445673,103.90358880785817,-0.00020422855813340135,54.5114388453164,54.45685973074741,0.0010017430729178933,21.47702739054123,21.295256584479556,0.0084995180736267,27.155383779899434,27.136324518276485,0.0007021058280654024,0.06896666666666666,0.07514090779142583,-0.006174241124759172,0.03033667043436128,0.033734093152011126,-0.0033974227176498464,0.07033333333333334,0.07082335780641025,-0.0004900244730769027
1986-04-01,48.73834203148752,48.5688498313778,0.0034836555916570866,30.575322817597204,30.536041422938883,0.0012855677681713473,9.170454448728433,9.033516085036766,0.01504517341537781,103.31645833094302,104.23513057203961,-0.00885252910306189,54.89279512812112,54.75826112505209,0.0024538581783568603,21.53842787939424,21.358712452800738,0.008378949115836587,27.691744271653505,27.354888689535148,0.012239069636852395,0.0614,0.07347756157210712,-0.01207756157210712,0.020983081389528424,0.0331590064093728,-0.012175925019844373,0.07166666666666667,0.06944499590958209,0.0022216707570845845
1986-07-01,49.06485232814071,48.90217423064922,0.003321081648149704,31.063871184432827,30.783589171748808,0.009063716759059481,8.900373193285914,9.058640809922782,-0.017625880131932448,103.54377413192665,104.5579817699531,-0.009747305241167403,55.21788288906718,55.0568269538421,0.0029209970258508022,21.607065607726952,21.42130294533418,0.008634481053066079,28.186275667264912,27.561728970486477,0.022407002055993885,0.055233333333333336,0.07200646093990598,-0.016773127606572645,0.018396010886624126,0.0328012783103467,-0.014405267423722577,0.06966666666666665,0.06809633270626972,0.0015703339603969357
1986-10-01,49.18395658103105,49.23007497074804,-0.0009372320667222489,31.181271338422878,31.027136099937017,0.004955457316848655,8.892079599867646,9.077861883797496,-0.020677741617984857,104.01791623538745,104.8699154376249,-0.00815752569323891,55.45999368992919,55.35129810636792,0.0019618148414446424,21.562247727052835,21.483076179447597,0.0036785243876096274,28.57044444744464,27.754647198300884,0.028969479783151897,0.05353333333333333,0.0707361762358134,-0.017202842902480066,0.017459753787878673,0.0326515556376956,-0.01519180184981693,0.06833333333333333,0.06679332342533759,0.001540009907995743
1987-01-01,49.37527976205101,49.55161505403426,-0.003564965403280329,31.19587515717738,31.265865066255525,-0.002241049900958192,9.109302239820073,9.091233309496733,0.001985538965111555,104.94506215922215,105.16804146441307,-0.0021224700892359394,55.65930828899258,55.64049230117238,0.00033811359768254334,21.49462304904065,21.54419728505012,-0.002303699662257852,28.73716434936971,27.93180257354816,0.028425293289656928,0.05536666666666666,0.06966479459606624,-0.014298127929399579,0.019864046858777185,0.03269148188204245,-0.012827435023265263,0.06599999999999999,0.0655529047543754,0.0004470952456245847
1987-04-01,49.764279927648886,49.865809663085564,-0.0020381346840077086,31.61500425110446,31.499037214638303,0.0036748452255386255,9.055720586364705,9.098703465637737,-0.0047352600628753905,105.24330189784716,105.44890530288981,-0.001951695063032055,55.94007264992286,55.923274211697446,0.00030033856169975337,21.585994616905072,21.60488309763136,-0.000874651450951891,28.69927623816006,28.091849308903814,0.021392430182265,0.05656666666666666,0.06877965138008738,-0.012212984713420715,0.03080815013825422,0.03289320565785404,-0.002085055519599817,0.06266666666666666,0.06439297588716537,-0.0017263092204987118
1987-07-01,50.061380700753965,50.17154410089616,-0.0021981488561375606,31.949531864937743,31.725854098869508,0.0070255934133323095,8.98282404380072,9.100243395761353,-0.012986845584623818,105.69254936240367,105.70888419448396,-0.00015453851790869777,56.20896176287327,56.19850135067113,0.00018611597384410317,21.618513827758964,21.665321803637926,-0.002162839473118794,28.5831943004701,28.233949961968612,0.012293780043684421,0.06043333333333334,0.06805914561734382,-0.0076258122840104775,0.035093537249087925,0.03322085843270763,0.0018726788163802924,0.06,0.06333171545201817,-0.003331715452018172
1987-10-01,50.795394935828114,50.46762011930318,0.006473754728428371,31.959307984318635,31.945575565766028,0.0004297768183310069,9.599803573161019,9.09580878838181,0.053928902414075885,106.52184183232612,105.94420306326352,0.005437482422772533,56.4623131710118,56.46502440004585,-4.801723113079248e-05,21.790012329632585,21.725691876706595,0.0029561971219820293,28.603210566719227,28.357669230546627,0.008621455917058096,0.058633333333333336,0.06747404322185668,-0.008840709888523347,0.0377523122564134,0.033637268514480755,0.004115043741932646,0.05833333333333333,0.06238622313398171,-0.004052889800648385
1988-01-01,50.919643883553114,50.7527509265746,0.0032829581163160704,32.43739930536924,32.15759112090414,0.00866351810677779,9.118986331701274,9.085293379573525,0.0037016559989826447,106.33024820412192,106.1510601467366,0.0016866245906905775,56.84567058358697,56.72168500015494,0.0021834730949530368,21.817155815901796,21.78614435854412,0.0014224364881769702,28.80015857773797,28.46282348541241,0.011782096653209617,0.05723333333333334,0.0669903439749696,-0.009757010641636261,0.03614990107758209,0.03410643463531116,0.002043466442270929,0.057,0.0615715162959464,-0.004571516295946397
1988-04-01,51.470503663167555,51.02583816966623,0.008676763976394053,32.64452894664069,32.36129257739868,0.008714239893158116,9.267849478466365,9.068909145316152,0.021699379187847256,107.57865136613083,106.32600781427335,0.011712300949577426,57.12018116452474,56.96730936939382,0.0026799062001963136,21.849620881243563,21.84687234711776,0.00012580113077120814,29.008072178732583,28.549420397637405,0.015937507657530325,0.0621,0.06656852221434588,-0.004468522214345877,0.037573244045354226,0.034594927429675335,0.0029783166156788915,0.05466666666666666,0.060900079244677253,-0.0062334125780105915
1988-07-01,51.645340921699585,51.285877679437874,0.006984561311651483,32.86614478766058,32.556243200515,0.00947394048493111,9.2091416741786,9.046899235337703,0.01777457786563108,107.60498627330205,106.46571599900035,0.010643969662708308,57.413455805252624,57.20079007970373,0.003710986674753336,21.88109751041083,21.908090571666065,-0.0012328643602006473,28.85927118909094,28.61771758036287,0.00840527786923273,0.07010000000000001,0.06616295414599782,0.0039370458540021885,0.040499792695337655,0.03507059469857617,0.005429197996761483,0.05466666666666666,0.060381539089254345,-0.005714872422587683
1988-10-01,52.21724648476732,51.53213821130245,0.013207176775749119,33.21453293707748,32.74218519203014,0.01432320569497092,9.310485382785133,9.019637803304553,0.03173704714344128,108.56994766214873,106.56765111949359,0.018614638917338944,57.693903430324255,57.42110764657171,0.004739543381136357,21.95791182611375,21.970017896612323,-0.0005511787549048464,28.798495994170697,28.668298034606895,0.004531249203483245,0.07726666666666666,0.06572522314955376,0.011541443517112907,0.04202167414050817,0.035503145690901385,0.006518528449606785,0.05333333333333333,0.060021627055896504,-0.006688293722563174
1989-01-01,52.60044630159962,51.76411537942084,0.016027448620989482,33.31086503728763,32.91906111039192,0.011831766103836294,9.596559067503614,8.987604365965957,0.06555826842742185,109.3516055631067,106.63001834838475,0.025203359699839112,57.956875117177425,57.627371700585364,0.00570154356285002,21.981136212874635,22.03285869551812,-0.0023502754775988066,28.580395383472702,28.701934382952203,-0.004243513919862885,0.08539999999999999,0.0652093732583008,0.02019062674169919,0.04573345939232154,0.03586568290428666,0.009867776488034878,0.052000000000000005,0.05982250257555844,-0.007822502575558436
1989-04-01,52.88623561590893,51.98174028652506,0.01725060013234936,33.48714439383241,33.0871196005311,0.012017545028158327,9.432865304341213,8.951457896192018,0.052383487919112515,109.53545881090301,106.65230256193837,0.0266742870178458,58.31792687201409,57.81886262894427,0.00859447410520442,22.028511616458466,22.09681210049279,-0.003095752408297514,28.41191376309618,28.719515729988917,-0.01076832636592373,0.08410000000000001,0.0645766619077242,0.019523338092275813,0.048240708483837214,0.036135382916648716,0.012105325567188498,0.052333333333333336,0.0597821448956183,-0.007448811562284961
1989-07-01,53.15743231460204,52.18548100525308,0.018453617060580463,33.68816274969072,33.24687067876206,0.013185874187576552,9.300414460567206,8.912218963391632,0.0426357124346195,109.53704784390841,106.63571285137017,0.02684435551431985,58.6197887782172,57.99507109829436,0.010714306167311172,22.101290774559075,22.16204706355346,-0.002745221219996985,28.682640225166168,28.721885354164876,-0.001367318507274451,0.07843333333333334,0.0638009656750228,0.014632367658310538,0.041585915850102406,0.036295589666209285,0.005290326183893121,0.052333333333333336,0.0598936441993445,-0.007560310866011166
1989-10-01,53.14388755369899,52.37639202676932,0.014547138515333291,33.785173084710024,33.39909435192651,0.011493255710749661,9.208104959124087,8.87118547553845,0.037275632647701507,109.29922263172953,106.58327783725277,0.02516265180502053,58.88113495645175,58.15580773924251,0.012395000874870554,22.092474587735126,22.228691617696843,-0.0061468354973963635,28.97318187365599,28.709718716205632,0.00913494248237523,0.07653333333333333,0.06286836322370311,0.01366497010963022,0.039269128010184895,0.036337212919669605,0.00293191509051529,0.05366666666666667,0.06014543516277908,-0.006478768496112411
1990-01-01,53.296257207213706,52.556161913234796,0.013983758902860188,33.92283006323497,33.544869143737024,0.011204320821159186,9.173612285526792,8.82986916206834,0.038190935894119704,108.76552235576963,106.49984528151262,0.021050861696474854,58.76984302014265,58.30128543342,0.00800470781866025,22.241143624168075,22.29683720367392,-0.0025009489653435857,28.847512036551876,28.683688384192813,0.005695139123017778,0.0776,0.06177407844705804,0.015825921552941963,0.04235064704839564,0.03625446889759583,0.006096178150799811,0.053,0.060521227267672804,-0.007521227267672806
1990-04-01,53.37705033327222,52.726991649475416,0.012253384607046502,33.883708792804185,33.68554041590065,0.005865654788358654,9.0876688019214,8.789959096526424,0.03330835958787137,108.07020284766384,106.39195115182011,0.01565111533904595,59.00145132409762,58.432185349760424,0.009695185290070185,22.33713920312421,22.366490601763385,-0.001313155239743402,28.70615027869625,28.644648822592437,0.002144747087845733,0.07746666666666667,0.06052187584469905,0.01694479082196762,0.03783452859891545,0.03604340626748569,0.0017911223314297578,0.05333333333333333,0.061000680765466365,-0.007667347432133036
1990-07-01,53.29005567246002,52.8915799834675,0.0075055833744901435,34.07928577857051,33.82271715970296,0.00755706249593846,8.866310868512413,8.753323153140219,0.012825381504754318,107.26400880024765,106.26752355468558,0.009333445683460617,59.19137111484092,58.54950006177969,0.010903221718163714,22.384346500703668,22.437623750680352,-0.00237728394218939,28.707562757867077,28.593570286394755,0.003978721389729767,0.07476666666666666,0.059125411117208156,0.015641255549458506,0.044864103500443564,0.03570388380818119,0.009160219692262377,0.057,0.0615587551405582,-0.004558755140558195
1990-10-01,52.66190515116275,53.05306969192199,-0.007400395763104584,33.92181748819286,33.95816158083656,-0.0010708340401719418,8.30922540955353,8.721981843755701,-0.0484800950816302,106.5185792447557,106.1355027593244,0.0036028172719886342,59.29554788039243,58.6545963098669,0.010868284799356864,22.207319995207047,22.510189890925137,-0.013546126687231208,28.630465361182182,28.531470705452975,0.0034636599636233,0.06989999999999999,0.057608930459431135,0.012291069540568855,0.05043220207387966,0.03523687974998142,0.015195322323898239,0.06133333333333333,0.062165617785201625,-0.0008322844518682954
1991-01-01,52.30404580868215,53.21489329969691,-0.017264580614033243,33.57033782446358,34.0938263137614,-0.015473447155414988,8.012804150811698,8.69800335361225,-0.08205271867065456,105.25219558157777,106.00540685774573,-0.007130767925660919,59.29129548155432,58.74925985448492,0.00918395267377825,22.229106146305906,22.584108217956008,-0.01584396491253992,28.64027874305479,28.45944399389774,0.006334018628336491,0.06023333333333333,0.05600645585093216,0.0042268774824011715,0.04086804197350302,0.034649097460493175,0.006218944513009847,0.066,0.0627885868696871,0.0032114131303129095
1991-04-01,52.60566002114052,53.38027874943102,-0.014617647026026415,33.71690919725911,34.2316726403724,-0.015151847981870858,7.955344977844706,8.68318487848619,-0.08754435584288389,104.37484692035659,105.88694639686047,-0.01438326498542608,59.2201389846715,58.83569432411123,0.006512952536944283,22.48871673230294,22.659105116458164,-0.00754805818492299,28.698363301908994,28.378646270144397,0.011203122873026494,0.0556,0.054359691189738255,0.0012403088102617421,0.03712942207540504,0.03395673738377566,0.0031726846916293808,0.06833333333333333,0.06339446038652263,0.004938872946810696
1991-07-01,52.74208058300591,53.55191661369355,-0.01523795740114009,33.767418808144406,34.37336130440598,-0.01778548669385005,8.052266006320094,8.67889124614436,-0.07494024060641191,104.00880627097702,105.78931954278828,-0.016973993588338843,59.11210159381206,58.91645894586836,0.003315177720235596,22.613029367745693,22.734678241859076,-0.0053651737797490995,28.51580044230428,28.290342165006493,0.007937854984814585,0.05376666666666666,0.05271298217230295,0.0010536844943637089,0.03107161282806592,0.0331798868042087,-0.0021082739761427785,0.06866666666666667,0.06395204346142273,0.004714623205243934
1991-10-01,52.78016695913215,53.73204237661711,-0.017874021493574865,33.70117467553425,34.52025415459663,-0.024013535128282637,8.246510367496263,8.686044301179413,-0.05192750929173506,103.5371585843545,105.72074943443828,-0.02087061016066105,59.012791769266336,58.994369573852374,0.0003122216542443823,22.709671259698798,22.810210916298793,-0.004417402474848231,28.358749933218,28.19598553034265,0.005756011443744935,0.0454,0.051111449688086175,-0.005711449688086172,0.024999178739200545,0.03234061593410442,-0.007341437194903877,0.07100000000000001,0.06443322801569364,0.0065667719843063715
1992-01-01,53.29430516354225,53.92241062067647,-0.011716692459681433,34.34300160313222,34.67335205859047,-0.009573179713571633,8.013842491235408,8.705204178570169,-0.08275067044609585,102.70242341806211,105.68833653189671,-0.028658828056457253,58.99823500688964,59.07238028409633,-0.0012559481759355506,23.053851937239315,22.885001510094487,0.007351127633801191,28.435178707973677,28.097155654204464,0.011958716581883078,0.038933333333333334,0.04960087317935688,-0.010667539846023547,0.026028561158132124,0.031459677314539844,-0.00543111615640772,0.07366666666666667,0.06481285261014487,0.008853814056521803
1992-04-01,53.751002084628425,54.12420017635267,-0.006919098602321316,34.52002326819991,34.8331526919018,-0.009030056580068724,8.415434191594361,8.73670053042612,-0.03746518106090413,102.88528827878469,105.69782645336386,-0.02696966774263032,58.92398902926884,59.153472500845744,-0.0038870036252136586,23.23477582157916,22.95827590731353,0.011971636696061605,28.21996354710707,27.99551388799721,0.0079853756311139,0.0368,0.04822346243232894,-0.011423462432328939,0.027236089443577693,0.030553235088345166,-0.0033171456447674726,0.07600000000000001,0.0650698600380761,0.010930139961923907
1992-07-01,54.13624455356895,54.33821479152059,-0.0037238345793744188,34.84770003063117,34.99995574181904,-0.004359658192090166,8.443325056824682,8.780464264601221,-0.03915308866313394,102.77135703399188,105.75311822978355,-0.02860061817508175,58.92665755947208,59.24059781732505,-0.005313502382407798,23.41779149906433,23.029356252333564,0.016726293066495757,28.038287417674884,27.892907903438577,0.005198524394271153,0.030833333333333334,0.04701476002081246,-0.016181426687479124,0.026810214029764134,0.029634058950752835,-0.002823844920988701,0.07633333333333332,0.06518872672657239,0.011144606606760935
1992-10-01,54.534300058091546,54.56504094105875,-0.0005635393119556298,35.159008562550376,35.17387055589803,-0.00042261866015236293,8.63597043021006,8.836267595042262,-0.022928481103022147,103.12973377824702,105.85639101679278,-0.02609562690455114,58.91418496822935,59.336582361809405,-0.007144125990235395,23.538406366200512,23.0977298613153,0.01889906227194338,27.957713720785296,27.791297708209413,0.0059702047663927615,0.0307,0.04600316885459732,-0.015303168854597319,0.02652073585026593,0.02871284538096732,-0.00219210953070139,0.07366666666666667,0.06516076044019495,0.008505906226471724
1993-01-01,54.48700279658069,54.805153817938574,-0.005822044872910492,35.217100805394566,35.354914752024186,-0.0039056308856983968,8.775533628188425,8.903705124552546,-0.014499916404139501,103.77027995909147,106.00800069635743,-0.021334960036893058,58.98139865545229,59.444076242560385,-0.007813858320981026,23.414182799547543,23.163121229529107,0.0107805295636898,27.651340657637224,27.692704907551843,-0.0014948042628382119,0.029600000000000005,0.04520697845179372,-0.015606978451793718,0.02621227804761528,0.02779852595511748,-0.0015862479075022008,0.07133333333333333,0.06498423432263427,0.006349099010699064
1993-04-01,54.677522818132715,55.05902438369636,-0.006953072832557972,35.48233630104009,35.54309923671968,-0.0017110194409535318,8.788946485857352,8.982271187946465,-0.021757915788131132,104.70661264374368,106.20663819307546,-0.014224339487490134,59.09386241900176,59.56548827003083,-0.007949282240863553,23.343696528409005,23.22552745488846,0.0050749966196135254,27.545383909410674,27.599225858996917,-0.0019527553797833441,0.029666666666666668,0.044634913849977746,-0.014968247183311079,0.02629247611213037,0.026898662180875475,-0.000606186068745105,0.07066666666666667,0.06466273770897238,0.006003928957694291
1993-07-01,54.79445743748162,55.32693805385169,-0.009670868481816086,35.72647275212235,35.73835007939851,-0.0003323964690578052,8.725045149281383,9.071394688073704,-0.03892837888554013,105.04524821739365,106.44962759461907,-0.013280700191505623,59.18680573076764,59.702963596870674,-0.008683019775169498,23.33173576102694,23.28510393638787,0.0020006435655313126,27.441690526048703,27.512904607185206,-0.002591743996175122,0.030033333333333335,0.04428594572519311,-0.014252612391859772,0.024208127014069047,0.026019824160971282,-0.0018116971469022344,0.068,0.06420382812117298,0.003796171878827026
1993-10-01,55.38278431965307,55.60895124341105,-0.004075388778101541,35.94923112549298,35.94055525306049,0.00024136592725243489,9.105588870860785,9.17038530734232,-0.00709091699873543,105.7502433509496,106.7333753470221,-0.009253786411986376,59.2487059732003,59.85838092461458,-0.010237514695718986,23.471351042242397,23.34208303527131,0.005522702535160295,27.377363043026296,27.435730061083362,-0.002129675112717333,0.030600000000000002,0.04414968959899396,-0.013549689598993955,0.022978816403627977,0.0251682031318419,-0.0021893867282139212,0.06633333333333333,0.06361881553679832,0.0027145177965350042
1994-01-01,55.78733833955835,55.90479046662614,-0.002103141405147113,36.23079530077481,36.14959440619846,0.0022437273126314494,9.42123782882985,9.27831840888362,0.01528615985079318,106.16491146886429,107.0534077837169,-0.008334194367396464,59.430599271736256,60.03332670180483,-0.010090620064946876,23.557448659872517,23.396729784166887,0.006845801958644593,27.259202202807337,27.369631573269974,-0.004042902373856183,0.032433333333333335,0.04420685311018956,-0.011773519776856228,0.020561443801306645,0.024348858019207515,-0.0037874142179008703,0.06566666666666666,0.06292138254083494,0.0027452841258317207
1994-04-01,56.41799115248546,56.214039457054035,0.003621561597387135,36.45883322190418,36.36535135104946,0.002567331793670302,9.847730725234475,9.39419893495662,0.04714868122583127,107.63784046749684,107.40461313020681,0.0021691291634278187,59.69354162370677,60.22903709194551,-0.00893074570526231,23.574886705857338,23.449393574079686,0.005337388640429541,27.122206459043014,27.316494694325858,-0.007137902120204043,0.03986666666666666,0.044429675341589786,-0.004563008674923125,0.019406850201930004,0.023565479382083195,-0.0041586291801531915,0.062,0.0621269082918922,-0.00012690829189219988
1994-07-01,56.59542724202478,56.53620381482521,0.0010469827413652766,36.691009077690914,36.58775968206172,0.002817991232729966,9.663421729388565,9.517081692030821,0.01525954494343873,108.61760832224859,107.78127773911889,0.007729566101854601,60.02609735344024,60.446401745712144,-0.00697762727100848,23.464481027745585,23.500528207526656,-0.0015350656774719695,26.91684229809767,27.278137442380356,-0.013333356651717754,0.04476666666666666,0.04478303692614397,-1.6370259477309357e-05,0.02228531962243885,0.02281939064559781,-0.0005340710231589614,0.06,0.061252487751158116,-0.0012524877511581184
1994-10-01,57.08480927233605,56.87091104299104,0.0037540630686816456,36.957927180989515,36.8168115037393,0.0038255872367622956,10.011974818543749,9.646260278357028,0.03721155412100119,108.75876686915846,108.17777178069842,0.005356372708562596,60.29438900743822,60.68600436760246,-0.006474052812435183,23.61052601478103,23.550670487778483,0.0025383392949986927,26.6918920230027,27.256267655970447,-0.020923650646869074,0.0528,0.045228966616379616,0.007571033383620383,0.021196075140009984,0.02210931609164265,-0.0009132409516326642,0.056333333333333326,0.06031513656213828,-0.003981803228804953
1995-01-01,57.205220914233436,57.21782103411124,-0.00022023745766919234,36.977670701208304,37.05256489633502,-0.002023341411061086,10.095976160001763,9.781084286951195,0.03168659877725588,109.13600520683909,108.58891704033945,0.005025509365479408,60.72301498618148,60.94819272493636,-0.0037014179455940877,23.54868009263955,23.60033942000733,-0.002191322261783313,26.549239676164724,27.252388257337817,-0.02614004989469043,0.05736666666666667,0.045729482933412086,0.011637183733254584,0.022519234862999005,0.021433646207719526,0.0010855886552794784,0.05466666666666666,0.05933108756349384,-0.0046644208968271775
1995-04-01,57.256555870481165,57.57672360101534,-0.005576232980982532,37.26178223677027,37.29516941409329,-0.0008956154675177075,9.848554454834504,9.921096776080944,-0.007338788730237855,108.74808374635137,109.00982626876679,-0.002403978330344003,61.11719989167842,61.23309348308006,-0.001894456038747272,23.5709869062997,23.650096016204973,-0.003350587450293485,26.616265452045777,27.267678380165727,-0.02417954659167565,0.055966666666666665,0.04625133629422149,0.009715330372445173,0.022772292199053412,0.020790200705735486,0.0019820914933179265,0.05666666666666667,0.058314084966867914,-0.0016474183002012435
1995-07-01,57.594857347925384,57.94739792926724,-0.006102385218638595,37.471370675408174,37.544731815139684,-0.001955877756443236,9.76951209943468,10.066011990844906,-0.029898073413541226,109.71513105099069,109.43588177477514,0.0025484657702561364,61.40595289849624,61.5407134688421,-0.0021921802078139763,23.535346692419086,23.700473588252116,-0.0069916248942849535,26.882909960797434,27.302912599786946,-0.015502617871296032,0.05366666666666667,0.04676855035562127,0.0068981163110454005,0.019637575630189197,0.020177477790507114,-0.000539902160317917,0.05666666666666667,0.057274957720843095,-0.0006082910541764242
1995-10-01,57.82792278633788,58.3294163879122,-0.008634783149489067,37.61399706280033,37.80134124568699,-0.004968341254232289,9.933384293121648,10.215478052583276,-0.02800279124256866,109.69209173637768,109.86222863578152,-0.001549839084661997,61.65485470598313,61.87100568425047,-0.0034996914524567657,23.60037423223225,23.7519602742507,-0.006402495733960123,26.939689469434885,27.358498584464012,-0.015426570781010618,0.05260000000000001,0.047261220855907636,0.005338779144092372,0.019336521219366354,0.019595214474034322,-0.0002586932546679681,0.05566666666666666,0.05622350513756436,-0.0005568384708976998
1996-01-01,58.13756007965877,58.72211769281737,-0.010004519950956414,37.90845153187361,38.06504335566746,-0.004122280955358715,10.014264081222134,10.368925334721403,-0.034802899969959444,109.67797312278176,110.28411168636896,-0.005511314355650221,61.97351776245157,62.22385510376116,-0.0040312878534782826,23.68595121927165,23.804944511672467,-0.005011214869093283,27.08343789294924,27.43462590512672,-0.012883541541219845,0.0493,0.047713754856071204,0.0015862451439287925,0.020015762784957092,0.019042810329466836,0.0009729524554902558,0.05533333333333334,0.055169146347267856,0.00016418698606548293
1996-04-01,58.9583439742554,59.12450460120283,-0.002814307727541099,38.31670688813126,38.33576650519707,-0.0004972994768430716,10.410490884040533,10.525562272246992,-0.010992764120559606,110.42159584504729,110.69659624060938,-0.0024873623897985198,62.27690323468448,62.59902417124652,-0.005159067207215706,23.8742376362041,23.85972290037736,0.0006081513501472458,27.22966293219117,27.53126559369931,-0.011015361473259766,0.050199999999999995,0.04811389615406764,0.0020861038459323578,0.02089031475923675,0.018519503246670208,0.0023708115125665417,0.055,0.054120952456145406,0.0008790475438545942
1996-07-01,59.317879634659626,59.53518046670295,-0.0036566340653729767,38.47703284872809,38.61333782322911,-0.0035362423439955215,10.75524876372707,10.684313608963647,0.006617244547447498,111.02315177033614,111.09429409924898,-0.0006405830128928258,62.64784708222576,62.996126464160824,-0.005543923264080597,23.885451678644216,23.91652013474656,-0.0012998819629577163,27.318217572962507,27.6482095599867,-0.012007182160916674,0.05096666666666667,0.048450379951067525,0.002516286715599142,0.02107045571670474,0.01802513921079469,0.0030453165059100493,0.05266666666666667,0.05308809718725516,-0.0004214305205884894
1996-10-01,59.75384526883998,59.95260385829948,-0.0033207696587744806,38.723612562959886,38.89756740556037,-0.0044821563881498605,10.707722948987033,10.843962027634833,-0.012643177886852985,111.93627948013582,111.47157304497178,0.004160168052592894,63.08030374171661,63.41457519917011,-0.005285150487469359,23.875681350429815,23.97557252141838,-0.004175076220926943,27.457870165877736,27.785096806154126,-0.011846954839720869,0.04976666666666667,0.048713245263145175,0.0010534214035214928,0.02352889436186123,0.017561045964185885,0.005967848397675345,0.05333333333333333,0.05208030366837018,0.0012530296649631498
1997-01-01,59.85997831300358,60.375051132713004,-0.008567818761829216,38.89022654554938,39.1881729950297,-0.007632018521303241,10.89738491228323,11.003262126327195,-0.009668941626602479,112.37945717179257,111.82269166019606,0.004966648705218013,63.382251752175364,63.85355875502042,-0.007408435669196578,23.816896521793584,24.037099627549424,-0.009203187934772039,27.53949376470027,27.941388525931544,-0.014487937986356059,0.0506,0.04889410378557214,0.0017058962144278558,0.02236379805519495,0.017130454572005592,0.005233343483189358,0.052333333333333336,0.05110703163318818,0.0012263017001451562
1997-04-01,60.72514256695167,60.80062269660976,-0.0012422080075014108,39.001090948206816,39.48475291029838,-0.012324976348743188,11.335626070794124,11.160809081146985,0.015542063216328561,112.67980423437419,112.14214683460689,0.004782970899425365,63.87811400303164,64.31204046565306,-0.006770069383175148,24.053548811981496,24.101260938382566,-0.001981614806969567,27.734498168075735,28.116360944451365,-0.01367458739005345,0.05046666666666667,0.048985225601997175,0.001481441064669492,0.018116781555928663,0.01674032600466415,0.0013764555512645119,0.05,0.05017852395894744,-0.00017852395894743522
1997-07-01,61.322504341341656,61.227036547240196,0.0015580280875990837,39.493965009861355,39.786702915558244,-0.007384883194462066,11.504847958139033,11.315054827201614,0.01663438350801183,113.06543239198503,112.42474882682905,0.005682600331142318,64.43715604548993,64.78866150321633,-0.005440187283203279,24.16248266536827,24.16807926171237,-0.00023159657765026154,27.971693733247637,28.309046790135064,-0.011988367392909094,0.05046666666666667,0.04897994698120306,0.001486719685463607,0.01646814524269602,0.016400892072248884,6.725317044713533e-05,0.04866666666666667,0.0493057899614488,-0.0006391232947821276
1997-10-01,61.674091288131514,61.65189846822383,0.00035990499960458777,39.847331275631205,40.09309060681523,-0.006148581647226425,11.570375053257994,11.464487448503416,0.009193747137941521,113.27994154539496,112.66562863811542,0.005437720425215176,65.00709005209193,65.28175176622084,-0.004216203278341268,24.196405058934058,24.23754829093958,-0.0016989421286610629,28.2365174955314,28.518234529191858,-0.009927603852691647,0.0509,0.048872530092638,0.002027469907362002,0.012761569200360867,0.01612324486956666,-0.003361675669205793,0.04666666666666667,0.04849972737901879,-0.0018330607123521192
1998-01-01,62.153112481622784,62.072809169045215,0.0012928593758214646,40.10601872127752,40.40276734808118,-0.007371865486390572,12.003215050051686,11.607651721777913,0.03351002290222027,113.717957477394,112.8603221390157,0.00757035878084622,65.6085115169283,65.78936953359741,-0.002752831772266262,24.244974736509104,24.309658761255843,-0.0026643827108840945,28.645710855461864,28.742482068931768,-0.0033725162009989873,0.05053333333333334,0.048658166305553585,0.0018751670277797547,0.008384787599640786,0.015918518524655874,-0.007533730925015088,0.04633333333333333,0.047770834497924686,-0.0014375011645913552
1998-04-01,62.57224260582199,62.48732062098753,0.0013581048213531233,40.68773486897039,40.71439154063805,-0.0006549379923166398,11.829641057119373,11.743108782132746,0.0073417538692117645,114.03291704869356,113.00477385462656,0.0090570884354495,66.28081266813939,66.30933880633978,-0.00043029046008769,24.277844826101326,24.384376014114814,-0.004378401000246779,29.040215144764215,28.980137329562773,0.002070922843822487,0.04976666666666667,0.04833331415789353,0.0014333525087731405,0.007681037793550782,0.01579574611826166,-0.008114708324710878,0.044,0.047128463941488535,-0.003128463941488538
1998-07-01,63.182185321548154,62.89297521314698,0.004587907950632797,41.055487332749166,41.026390448039,0.000708972229086946,12.06428866464973,11.86962853854579,0.016266824761166365,113.87069828213383,113.09550775284369,0.006830915995122311,66.86443255969037,66.83929901187257,0.0003759588130929359,24.462021745594818,24.46162480433442,1.622696950853708e-05,29.32492257677361,29.229442053687105,0.003261263556196603,0.04823333333333333,0.0478956041669939,0.00033772916633943023,0.008143230053342387,0.01575925214930103,-0.007616022095958644,0.04533333333333333,0.04658106989480454,-0.001247736561471209
1998-10-01,64.00732564216199,63.287312922875714,0.01131265866492015,41.516221902351255,41.337126144934174,0.004323205774570127,12.375615590249874,11.98601544816514,0.031987460998268435,114.93830842114636,113.12975123776891,0.015860134881497068,67.47402943752276,67.37679415536539,0.001442116502047952,24.553507273664305,24.541262296653542,0.0004988302164097291,29.912583799214467,29.48862135243303,0.014274782637481831,0.04253333333333333,0.04734356269550876,-0.004810229362175428,0.007622684203083097,0.015808289423988053,-0.008185605220904956,0.044333333333333336,0.04613515125300346,-0.001801817919670122
1999-01-01,64.36478231421471,63.66800535659578,0.01088445935289517,41.7307423128651,41.64493056857274,0.00205843675083095,12.672761001649402,12.09118726665609,0.04697802488529579,114.3362938595848,113.10529345759691,0.010824866612757944,68.08617690998062,67.9193029824053,0.002453930701132201,24.69686354797459,24.62314448603887,0.0029894203092948324,30.230767967643015,29.7559003844744,0.015832768047284507,0.04406666666666667,0.04667592718682111,-0.0026092605201544425,0.009545358127695636,0.015937350734726817,-0.006391992607031181,0.043,0.045796427075865134,-0.0027964270758651377
1999-04-01,64.72898777566414,64.03313487941466,0.010808452923414258,42.336153110581414,41.94820180633276,0.00920583765399341,12.559164871891214,12.184308917139422,0.03030169813793293,114.65504065308676,113.02113491602356,0.014353138033081692,68.82469504336977,68.46428281898882,0.005250429538476098,24.69827173057381,24.70713350728109,-0.0003587371365401104,30.475949862377895,30.029707905080155,0.014750688281026658,0.044533333333333334,0.04588842869096261,-0.001355095357629274,0.01345228180624769,0.016135812870658347,-0.0026835310644106568,0.042666666666666665,0.04556949028696961,-0.0029028236203029467
1999-07-01,65.3940204752823,64.38119488930366,0.015609238597495967,42.76942166005592,42.2453498465834,0.012329115110705668,12.784528417300177,12.264924428891275,0.04149220627299899,115.05459336194328,112.87713631085012,0.019106802703483083,69.49030542861276,69.0092142319341,0.0069472173304019336,24.811943760643505,24.79313622428303,0.0007582907745491418,30.73239324091048,30.3087135235111,0.013882006529127633,0.04649999999999999,0.044975167470139805,0.0015248325298601872,0.01588753482874128,0.016389057625544278,-0.0005015227968029994,0.042333333333333334,0.045457186042974516,-0.0031238527096411825
1999-10-01,66.2704650124136,64.71110260637576,0.02381153489244614,43.28953190429519,42.534990488162116,0.01758380556980077,13.073781508613639,12.33284518306374,0.05834276970922492,115.19215194771783,112.67426523685894,0.022100573015871205,70.18728985765416,69.5517263196451,0.009096499144386705,25.037356567765745,24.881052861193247,0.006262387731510444,30.88954217309662,30.591817743011152,0.009685106436573054,0.05043333333333334,0.04392939685196074,0.006503936481372596,0.01936869289393539,0.01668078958623099,0.002687903307704402,0.04066666666666666,0.0454605452357748,-0.004793878569108137
2000-01-01,65.59143705712238,65.02240847033417,0.008713198582154469,43.40037943590863,42.81603955782941,0.013555395422710337,12.79180633494719,12.38824483279372,0.032056810250619794,114.13041062538333,112.41491927182344,0.015145085046912143,70.15795337959179,70.08968038331147,0.000973606467953303,24.93406755011884,24.970794252064078,-0.0014718689622350567,30.734260448333373,30.878146227945987,-0.004670684005068537,0.055200000000000006,0.04274532318436462,0.012454676815635383,0.025619834710743694,0.01699439988781685,0.008625434822926843,0.04033333333333333,0.045578646349321864,-0.005245313015988531
2000-04-01,66.57913151444122,65.31564792680128,0.019159548900943513,43.60708578905597,43.08786744259765,0.011978195617785126,13.48631979502132,12.431796210242387,0.08141842200679639,114.08188938946886,112.10311229996273,0.017497425201930206,70.82320863086886,70.62127759534194,0.002855271040994367,25.233041932835967,25.062368190399916,0.00678687765521202,30.962610908414014,31.166979195798255,-0.006578798415995735,0.05713333333333334,0.04142121777559154,0.015712115557741803,0.02468104072650279,0.017314959604967553,0.007366081121535237,0.03933333333333334,0.04580757169346143,-0.006474238360128094
2000-07-01,66.4353390498691,65.59174379024562,0.012779298339494538,43.91167900054734,43.3502064869269,0.012868854692523524,13.263476494824399,12.464469338122816,0.06213198557454502,113.71097340912706,111.74395259306856,0.017449791522021307,71.63136455121379,71.14471442129823,0.006816996488870686,25.131897716358605,25.155759583128926,-0.000949014921061142,31.04751856650582,31.457477117884448,-0.013117813242825793,0.06016666666666667,0.039963136106891374,0.020203530559775293,0.025640315274757297,0.017632930709113117,0.00800738456564418,0.04,0.04614012525740423,-0.006140125257404226
2000-10-01,66.63151478305718,65.85244138858816,0.011761158066150301,44.17482816435015,43.60311990656112,0.013026423028840384,13.199103620253135,12.487911725139616,0.05538780531662946,112.93839846734312,111.34377020946647,0.014220079448104883,72.36744702792949,71.65827029256002,0.009847997705755063,25.22762075826516,25.25106034972993,-0.000928692772272921,31.24764389561387,31.74863808388702,-0.015905851423316797,0.06016666666666667,0.038386953731737596,0.02177971293492907,0.02521031543873642,0.017943378972384523,0.007266936466351896,0.039,0.0465650646313859,-0.007565064631385898
2001-01-01,66.24479502924542,66.10005702182838,0.002187286666293531,44.25901225851564,43.84703569422098,0.009351902086622843,12.472556767791223,12.504292752627677,-0.0025412333840906243,112.62351217131972,110.91007024601497,0.015330810398745953,73.09620290455047,72.1604930093162,0.012883713656360207,25.038798358340284,25.3483489076775,-0.012287039872759475,31.78330255269249,32.03916054577295,-0.008017846736980694,0.04816666666666666,0.036721173410203506,0.011445493256463157,0.0244881792977234,0.018246374782266286,0.006241804515457115,0.042333333333333334,0.04706730982735623,-0.004733976494022893
2001-04-01,66.4615819026887,66.3374410535305,0.0018696054015325814,44.15879565564767,44.08276007413711,0.0017233513099390585,12.372006257779756,12.51624158462916,-0.011590767059558527,111.19201989136367,110.45126405799742,0.0066842412563925535,73.58621711956934,72.65034927318865,0.012799543181777118,25.27131584703569,25.44769026500369,-0.00695499152888468,32.307556661115164,32.327375114652305,-0.0006132428274847612,0.0366,0.035007910222946734,0.0015920897770532669,0.024399195302305277,0.018546530361534388,0.005852664940770889,0.044,0.0476270526918704,-0.0036270526918704
2001-07-01,65.98437440040996,66.56758364867503,-0.008799764564572321,44.02065326778695,44.31138397584068,-0.006582702424919873,12.10920564697245,12.526384788580287,-0.03387124220829829,109.5115089765585,109.97670496072305,-0.0042389217388087985,74.0166165733453,73.12738036303031,0.012086759290145466,25.2877872371047,25.54895440867287,-0.010274831186035893,32.81032270322952,32.61139175520973,0.006081514762643181,0.0317,0.0332964326839102,-0.001596432683910201,0.018354447475756874,0.01885235906078699,-0.0004979115850301148,0.04833333333333333,0.048221526336174846,0.00011180699715848674
2001-10-01,65.95425047005078,66.79359915148149,-0.012645927892293685,44.46656909322486,44.534075621308524,-0.0015169899329610104,11.446157855814612,12.537268754283728,-0.09105159354984904,107.90907428841246,109.49605791834865,-0.014599580076374075,74.3653870546915,73.59171854929171,0.01045810613421061,25.477635342026733,25.65189787003483,-0.006816537989760452,33.35184473040808,32.88924670117484,0.013967328730696948,0.01906666666666667,0.031637004363147495,-0.012570337696480825,0.013053988718775278,0.019176032146210227,-0.006122043427434949,0.055,0.04882569696358359,0.006174303036416411
2002-01-01,66.33693545175119,67.01827785937812,-0.010218548183327236,44.40126990904033,44.75184764773033,-0.007864661501842285,11.766118294079936,12.55118337410194,-0.06459088360704612,106.75985710041527,109.01853603460142,-0.020935937111666192,74.584469128805,74.04407274865657,0.007271803310821667,25.77787276291667,25.756107908474206,0.0008446797803305373,33.73944868989594,33.15904369873699,0.017352246178112818,0.0172,0.03007889106028475,-0.01287889106028475,0.007625446595211471,0.019529409689249582,-0.01190396309403811,0.057,0.04941460065678384,0.0075853993432161634
2002-04-01,66.57756253883764,67.24391694027403,-0.009958938004047901,44.68864464654853,44.965693585124505,-0.00618039965310313,11.822151655226206,12.569714872295418,-0.06131530861369994,106.71463778254812,108.55220261102038,-0.01707285209086873,74.88042729677657,74.48566888558636,0.005285795644347502,25.842658367247,25.861054873908998,-0.00071161262064523,33.804709589835305,33.41912789420759,0.011471702259020056,0.01713333333333333,0.028663502113887823,-0.011530168780554493,0.01037644467444232,0.019920525484208383,-0.009544080809766063,0.05833333333333333,0.04996713243786057,0.008366200895472756
2002-07-01,66.64389803197545,67.47241376319681,-0.012355339329267245,44.88092820754083,45.17640657599234,-0.006562029166007122,11.72936221497016,12.593954488685133,-0.07112160726822081,106.00784304853626,108.1035697454186,-0.019576664322952908,75.13745009951114,74.91811347672918,0.0029234074867261484,25.949245551581015,25.966214122601393,-0.0006537001398476683,34.173479868248,33.668172934550874,0.014896933006115276,0.016433333333333335,0.02742419755560986,-0.010990864222276527,0.015092638028673333,0.020349973348456195,-0.005257335319782862,0.05733333333333333,0.05046692820348827,0.006866405129845064
2002-10-01,66.52005754430026,67.70527015613824,-0.017660503229611102,44.94007206716696,45.38462123211873,-0.009843437894843543,11.681784259018436,12.624524803054562,-0.07761060745559689,105.84195183009464,107.6778971543557,-0.01719737608595917,75.3589064658445,75.34330791480271,0.00020701157128488745,25.900712786502364,26.071040837361302,-0.006554662823841095,34.568509051395154,33.90507414791524,0.019378441543780767,0.013333333333333332,0.026387131061616158,-0.013053797728282825,0.01940820871778559,0.02081238204885647,-0.0014041733310708772,0.05866666666666667,0.05090285272590108,0.007763813940765592
2003-01-01,66.39498065502193,67.94348428128183,-0.023054785018951307,44.962917629951804,45.59079827055671,-0.013867806460640342,11.647336036174964,12.661500265856832,-0.08348842666620193,104.55863633294291,107.27905804996604,-0.025685431366401446,75.25539231570471,75.76334161866568,-0.006726996117942363,26.070354699072066,26.17497075540487,-0.004004805989672011,34.71881445662195,34.129033870577615,0.017133288193900142,0.011566666666666664,0.025571587017933085,-0.014004920351266421,0.02513759525825554,0.021299094517697795,0.0038385007405577452,0.05866666666666667,0.05126806228053932,0.007398604386127355
2003-04-01,66.78142463164359,68.18731621487254,-0.020833600802903085,45.22705410820862,45.7951260761727,-0.012482217906333748,11.643372363885982,12.704349122320309,-0.08720726309281801,103.90991961795537,106.90973319907488,-0.028460497166088672,75.45818471608634,76.1803648374647,-0.009525092182987471,26.303600610538375,26.27732317463052,0.0009995046189312795,35.170428148640354,34.33967109644033,0.02390434253283269,0.0104,0.024988691187006865,-0.014588691187006866,0.01860923238558021,0.021800576078936856,-0.0031913436933566457,0.06133333333333333,0.05156056552655627,0.009772767806777057
2003-07-01,67.6654337184335,68.43604424593894,-0.011324179194541095,45.75270698376576,45.997398573938476,-0.0053338831342886195,11.959252643291558,12.751875015072356,-0.06417306224691988,103.7172009900231,106.57087428654485,-0.02714227597665797,75.62812511993283,76.5962557972232,-0.01271995622293609,26.662968053685415,26.377341194667256,0.010770284868140578,35.561590767102274,34.536987526043106,0.029235292427721937,0.009300000000000001,0.02464081625606417,-0.015340816256064168,0.020042070055788397,0.022309691119493165,-0.002267621063704768,0.06133333333333333,0.05178299525084657,0.009550338082486759
2003-10-01,68.2161227773504,68.68804213788123,-0.006894183679603927,45.85578926147679,46.197046472219604,-0.007414410894853063,12.350227905146761,12.802171276035802,-0.03594027071841399,103.85182294526878,106.26155228057993,-0.022938425435074628,75.86315904582023,77.01247670170196,-0.01503626531740121,26.82815638453521,26.474273805279577,0.013278485714112165,35.192723697446226,34.72152529953835,0.01347952782970463,0.009166666666666667,0.024521216980339777,-0.01535455031367311,0.020300145651269252,0.02281730943647789,-0.002517163785208637,0.05833333333333333,0.051944092220184056,0.006389241113149272
2004-01-01,68.57804447373826,68.94117179979865,-0.005281126229152555,46.29276978923978,46.39333694943439,-0.002170059854682105,12.38909133027931,12.852787893924972,-0.036744390544090066,104.27047642879685,105.9790727575376,-0.016253389830262144,76.42187834396711,77.42990662435345,-0.013104075525260939,26.83105923453336,26.56753919459677,0.009870003594190546,35.20338009724954,34.89449556291275,0.008813006975089355,0.009166666666666667,0.02461356010490844,-0.015446893438241772,0.02036549481183214,0.02331288356383738,-0.002947388752005238,0.057,0.052058566162644114,0.004941433837355888
2004-04-01,68.91816223935855,69.19296533363394,-0.0039794542518638565,46.354518823706634,46.585310225719596,-0.004966479468779372,12.87353239605396,12.900946597980221,-0.002127236967262025,104.08782054513075,105.71927332007705,-0.015552244953814132,76.78632823690032,77.84871231754215,-0.013740751027093268,26.94996338419526,26.656770499757187,0.010938767827437967,35.566441775120396,35.05744561751499,0.01441452714019631,0.010766666666666667,0.02489191578089886,-0.014125249114232193,0.026198396121812184,0.02378429280815224,0.0024141033136599425,0.05599999999999999,0.05214512008199787,0.0038548799180021173
2004-07-01,69.35227200422973,69.44068968012135,-0.0012740946915377194,46.68458105288687,46.771929118252515,-0.001869277820025328,13.065698427823838,12.943531303745381,0.009394205348371543,104.34542497621966,105.47697535659722,-0.01078589653463169,77.22829781824781,78.2684231371209,-0.013378299243986369,27.021846023952396,26.7417631970073,0.010419142791222136,35.62211289834005,35.21215852871934,0.011575158144164543,0.014866666666666665,0.025320699851040844,-0.010454033184374179,0.02448990047775812,0.024217574358033067,0.0002723261197250526,0.05433333333333334,0.052225545378164775,0.002107787955168562
2004-10-01,69.82936579080861,69.68140026366176,0.002121206653975527,47.09441750072339,46.95199673394488,0.003028735902567803,13.322827425796937,12.977373375607089,0.026271580344074508,104.59246628923431,105.24603392683217,-0.006229264413622815,77.69216170078742,78.68788253165214,-0.01273479992256732,27.109069743149874,26.82249605007807,0.010627408495603063,35.69559119167286,35.360776642772976,0.009423983720191487,0.020066666666666663,0.0258554998773678,-0.005788833210701137,0.02819378767987568,0.02460027421666148,0.0035935134632142027,0.05433333333333334,0.05232404275101302,0.002009290582320321
2005-01-01,70.40868674581135,69.91205849204131,0.00707850185037362,47.160879042593,47.1242462940747,0.0007770631948744722,13.710101194630226,12.999362338133635,0.05323256928298781,104.59123972357858,105.01965435180374,-0.004087719072640716,78.2451802041671,79.10524794384416,-0.010931985571564162,27.26640839479467,26.899125280475626,0.013561714197534158,35.512382059871776,35.50574118244692,0.00018701923230368678,0.025366666666666666,0.026445369651172928,-0.001078702984506262,0.026257873567580026,0.024920108591043943,0.0013377649765360829,0.053,0.052466130267882785,0.0005338697321172134
2005-04-01,70.55680732100576,70.1296833053658,0.006072016240564082,47.507649452026946,47.28748672830352,0.004645029870785411,13.52137663135817,13.006608371493778,0.03881432270616747,104.82817771127615,104.79069354012299,0.0003576411925978462,78.87005045955563,79.51800560969433,-0.008181914481762753,27.207758073295473,26.97199043870273,0.008703219533913398,35.40401118819343,35.64974637127765,-0.006916908303298719,0.028633333333333334,0.027035744942992733,0.0015975883903406006,0.025831092795939536,0.025167039634101426,0.0006640531618381101,0.051000000000000004,0.05267858180272821,-0.0016785818027282087
2005-07-01,70.8745183175082,70.33157543151617,0.007690115168282219,47.82307364621155,47.44053957917273,0.008031106739778249,13.649370676383441,12.996692112888914,0.048998544045662396,104.74893376936585,104.55180379353651,0.0018837012847150447,79.38679319534488,79.9230451637167,-0.006732214397552561,27.28128257924165,27.041666031450397,0.008821984372303415,35.46698559958735,35.79553537297532,-0.009220894709028205,0.0336,0.02757138733399841,0.006028612666001586,0.031843470650746886,0.02533186560186523,0.006511605048881656,0.049666666666666665,0.05298850489808602,-0.0033218382314193565
2005-10-01,71.02529530916266,70.51528319074443,0.007206616379912489,47.73662066084156,47.58235672021823,0.0032367966913868784,14.100698679290826,12.96757810518225,0.08377209750513659,105.06807123115058,104.2957299811534,0.007378016152387978,79.90870187130253,80.31678607724287,-0.005093884794079351,27.222808575115963,27.1088815566801,0.004193765558750506,35.524364196829524,35.9457411025742,-0.011791833426841425,0.038266666666666664,0.027998056898105105,0.01026860976856156,0.0312387658208233,0.025405799783592812,0.005832966037230488,0.049666666666666665,0.053421957982866225,-0.0037552913161995605
2006-01-01,71.80158763058482,70.67868350246195,0.015762566546045242,48.04748477709133,47.71212578861236,0.007004213102540735,14.307033233383596,12.917724301118968,0.10215090570116425,105.93686180159156,104.01541792135477,0.01830413586752666,80.59789663917644,80.6952446987315,-0.001207094989506885,27.291281782893858,27.17452466151958,0.004287361478459317,35.64729039590696,36.10283330421584,-0.012698208893569873,0.04393333333333334,0.028265281592144195,0.015668051741189144,0.0306021839335453,0.0253841252216972,0.005218058711848102,0.04733333333333333,0.05400292333708424,-0.006669590003750905
2006-04-01,71.77675918607969,70.81997044470286,0.013419706085818994,48.157516275704786,47.829132269363555,0.006842311769124532,14.139121165638805,12.84638129352527,0.09588334589505854,105.86699119346115,103.7043830805833,0.02063912485788766,81.27859627263548,81.05411550168385,0.0027656892019667367,27.213324993505076,27.239563559410417,-0.0009637162925009157,35.61502432210357,36.26905971336383,-0.01819744797282885,0.04703333333333333,0.028329007254052428,0.0187043260792809,0.03312921004286595,0.02526577056236469,0.007863439480501264,0.04633333333333333,0.05475303618368284,-0.008419702850349507
2006-07-01,71.6538153655517,70.93804343568303,0.010039534485323465,48.32187219520508,47.93287539331563,0.008082695750500246,13.996946575470572,12.753739768565223,0.09301466029797734,105.93074382155064,103.35742716007755,0.024592372707877175,81.87066370673384,81.38897190631548,0.005900946628537795,27.087186552236062,27.305049111105127,-0.00801083909477951,35.76925133747686,36.4464244247993,-0.018754735149532298,0.04906666666666666,0.028154972254104786,0.020911694412561875,0.02944312509087399,0.02505292573847648,0.004390199352397508,0.04633333333333334,0.05568976325185249,-0.009356429918519149
2006-10-01,72.04102761245075,71.03241343495704,0.014099484559092268,48.374541538391135,48.02306706168117,0.007292214803355623,13.728279057215214,12.640858058083765,0.08252359937660847,106.09213788209276,102.97078742925369,0.029862611046326037,82.4082261874353,81.69547933782529,0.008686596431592974,27.14437970737846,27.37202584728538,-0.008351521372062631,36.124097409325245,36.636560718066036,-0.014086507623678912,0.04903333333333333,0.0277206051663758,0.02131272816695753,0.019629999158542688,0.024752695332589076,-0.005122696174046388,0.044333333333333336,0.056825308956502125,-0.01249197562316879
2007-01-01,71.96228727031807,71.10305908587416,0.0120118328775769,48.45595495747103,48.09967203156241,0.007379881505134911,13.487160184424344,12.509598760938173,0.07524188491588557,105.60462599423353,102.54238189102644,0.02942598209418179,82.78360012635294,81.96957215922227,0.009881868495392077,27.152782392237025,27.441411274036305,-0.010573709457011304,36.14671681209782,36.840713132649014,-0.01901744552534579,0.049833333333333334,0.027016404373947863,0.02281692895938547,0.023630427763360773,0.024374927801854216,-0.0007445000384934432,0.045,0.05816602994384162,-0.013166029943841619
2007-04-01,72.20161640719624,71.1506101312592,0.014663533779160964,48.52206252827499,48.162886389733245,0.00742985945287522,13.531920623267043,12.36249100728711,0.09038441551757703,105.76829317203268,102.07212474152432,0.03557111933235557,83.19438778941128,82.2076168859828,0.011931930482113273,27.168567419628978,27.513988964540594,-0.012633869455593416,36.40307032956214,37.059838559729336,-0.017880743862549675,0.047366666666666675,0.026046188715007697,0.021320477951658978,0.023341829174322815,0.023926269918314865,-0.0005844407439920506,0.045,0.059710475375316346,-0.014710475375316348
2007-07-01,72.38936581879004,71.17625549536531,0.016900135083605328,48.701801243399345,48.213141303750106,0.010084390868650317,13.350317943678268,12.202610942929958,0.08989026001098388,105.1586268241298,101.56186007879167,0.034801870067309615,83.57160982655832,82.40649556903824,0.014039603509126586,27.2985019773236,27.59036919857888,-0.010634941688327793,36.66061488013531,37.29448557841627,-0.017142461220973182,0.04303333333333334,0.024828037608341638,0.018205295724991702,0.02177444033803333,0.02341290314148993,-0.0016384628034566001,0.04666666666666667,0.06144896564365681,-0.01478229897699014
2007-10-01,72.61725260752908,71.18185925223212,0.019964532649924926,49.03873335574902,48.25110474586039,0.016191738686305968,13.040753699411312,12.033629235145233,0.08037418731615054,104.5446388333765,101.01570055100701,0.03433819030505614,83.89129757592305,82.56373237106376,0.01595137563192406,27.452161675458054,27.670951674465247,-0.007938272519529832,36.7919383151834,37.54480977998796,-0.020256393431202557,0.0339,0.02339335577145581,0.01050664422854419,0.03385914031737047,0.022840643655433316,0.011018496661937157,0.048,0.06336262709448391,-0.01536262709448391
2008-01-01,72.34794145340183,71.17005584667774,0.016414834054098826,49.216273818745016,48.27776097048962,0.019253318248031004,12.611975017643699,11.859732421325166,0.0614979289653097,104.24703490205253,100.43990853305466,0.037203794461446726,84.43270064294592,82.67762123371575,0.021005811297781563,27.33945352886493,27.755957710644164,-0.015119666300069223,37.37512268326669,37.81057813001485,-0.011583593984809237,0.020433333333333335,0.021784926231684466,-0.0013515928983511317,0.03283993597906476,0.02221428360494678,0.010625652374117979,0.05,0.06542334713655797,-0.015423347136557963
2008-04-01,72.59023534230572,71.14437985332495,0.020119082066536897,49.464843581660034,48.29459364466976,0.0239425649968128,12.405899254901277,11.685483614741633,0.05982475105380303,103.3774505475415,99.84278906407425,0.03479001891224254,84.58273617235007,82.74733973427611,0.021938316117499745,27.563643168161235,27.84547480756957,-0.01017284086755943,37.73391134448806,38.09107982236081,-0.009420934023201877,0.016266666666666665,0.020052098669004686,-0.0037854320023380204,0.03411565729113586,0.02154550169524578,0.01257015559589008,0.05333333333333333,0.0675934115367052,-0.01426007820337187
2008-07-01,71.99281503752457,71.1090999430621,0.012351006324231584,49.0892457544151,48.303676433773624,0.016132309002403922,12.071648184215292,11.515633992646679,0.047153988179939876,101.93453264113799,99.23478620242682,0.026842150182662117,84.6415455210726,82.7732200796112,0.022320647793761417,27.58098892843512,27.939329242395726,-0.012908618022335894,37.80327718157916,38.38531408636034,-0.015279143982116938,0.014933333333333331,0.01824337801783208,-0.003310044684498749,0.03926876468690965,0.020852617664279583,0.01841614702263007,0.06,0.06982546646979147,-0.009825466469791475
2008-10-01,70.20292426486482,71.06937529012693,-0.012266550376999419,47.609963611720524,48.30781193704013,-0.014551226500242986,11.091187287554927,11.355086367418258,-0.02351492671761024,99.02826905689861,98.62824941889896,0.004047629566898969,84.61052541199973,82.75679987365962,0.022152488145927407,27.409240085528598,28.037168221442705,-0.022650880446581922,38.77829489419594,38.692028028942026,0.0022270954258480913,0.002966666666666667,0.016404903317580793,-0.013438236650914127,0.01239537482609987,0.020161807597244893,-0.007766432771145023,0.06866666666666667,0.07206324556180553,-0.003396578895138863
2009-01-01,69.37976267474554,71.03090372830289,-0.0235198252427109,47.187640791960504,48.31029306816732,-0.023512634280370648,9.686972959733627,11.20880518507921,-0.14591765762183817,96.3291506123383,98.03687596290033,-0.017572713976121257,84.56213327960565,82.70083565418265,0.02225686261879023,27.584334504888393,28.138408237504258,-0.01988746307483069,40.05745757470409,39.009560375495774,0.026508108867907776,0.0021333333333333334,0.014580744829737166,-0.012447411496403833,-0.002567640937471749,0.019510757671227556,-0.022078398608699305,0.08266666666666668,0.07424434152219252,0.008422325144474163
2009-04-01,69.09517004066869,70.99882676294047,-0.027178522217512047,47.11089005313012,48.313974643527395,-0.02521666328811678,8.953974028817287,11.081357636018335,-0.21316674483671383,93.75074859430795,97.47428394796421,-0.038948939010051475,84.00037467030977,82.60927969133614,0.016699240046053276,28.02524898112059,28.242058387552,-0.007706445877111445,40.51889652361207,39.33625186512926,0.029621913121644194,0.0017333333333333335,0.012806573917880718,-0.011073240584547384,-0.008255945513000129,0.018932300042831453,-0.027188245555831582,0.09299999999999999,0.07630422419858808,0.016695775801411905
2009-07-01,69.15171505187224,70.97723441054994,-0.026056323809463322,47.5695608488511,48.32100236460976,-0.015673218993280447,8.812936151320107,10.97615590289453,-0.21950461560150725,92.32975268666245,96.95272573837855,-0.04885705898086101,83.24533603108003,82.48726399656347,0.00914819801624489,28.417685360245677,28.346761195002884,0.0024988952224096472,40.50338700439428,39.67104490919923,0.020764026139234115,0.0015666666666666665,0.011110282313405717,-0.009543615646739051,-0.011959521619135272,0.018445467869530018,-0.03040498948866529,0.09633333333333333,0.07818362739184315,0.01814970594149018
2009-10-01,69.70835079658777,70.96900983889826,-0.017923179455676674,47.602205851969174,48.33276192415166,-0.015230529832082507,9.509549514901286,10.895125097353695,-0.13601894460511055,92.07351315205308,96.48187392319174,-0.04676784173457449,82.4782830683674,82.34078801459886,0.0016684366045787158,28.791360083192746,28.451002014976456,0.011891964860210269,40.47005878229783,40.013585881066234,0.011343367903801749,0.0005666666666666667,0.0095128409723411,-0.008946174305674433,0.011815591173787166,0.01805230165532429,-0.006236710481537126,0.09933333333333333,0.07983371976268452,0.019499613570648805
2010-01-01,69.97045726010097,70.97588558971135,-0.014267065944839175,47.873198445481975,48.35016789192017,-0.009913877910628255,9.658978946257616,10.83877662319095,-0.11524218851068246,92.3650615022312,96.06833606030901,-0.03931098732459848,82.04716658074993,82.17630498969307,-0.0015727159379368416,28.89323949584238,28.55328851491452,0.01183552639446317,40.32834357585009,40.364031710874464,-0.0008845479445733773,0.0010666666666666667,0.008029256090936595,-0.006962589424269928,0.022635261564282638,0.017735838785784896,0.0048994227784977425,0.09833333333333334,0.08121701353805245,0.017116319795280888
2010-04-01,70.4953598611698,70.99880848853248,-0.007116204968751205,48.03855699923235,48.373677458074276,-0.006951852332351738,10.112024377314926,10.806844776415502,-0.06645446084036877,92.8668720124304,95.71588963013971,-0.03021733665483417,81.58136320143312,82.00031813850757,-0.005122283249319182,29.065511262372514,28.652320318618745,0.014317862994205122,40.45948579850698,40.7228324706423,-0.006487806741018343,0.0014666666666666667,0.0066689425065008905,-0.005202275839834224,0.020162201237970523,0.017475218702431506,0.002686982535539017,0.09633333333333333,0.08230820820336887,0.014025125129964455
2010-07-01,70.86067796436805,71.03810360640252,-0.002500736546629412,48.20613901709219,48.40345097469624,-0.004084733864773149,10.466494868339888,10.798449341358722,-0.03122335405931631,93.06724258244856,95.42601223157534,-0.025028935781345574,81.21524928084811,81.81920249234514,-0.00740893679374377,29.221196905486924,28.746992921906642,0.0163611995891233,40.63199264714986,41.090430487919754,-0.011219507011272611,0.0015666666666666665,0.005436963437952495,-0.0038702967712858282,0.015121940275066637,0.01725264298602035,-0.0021307027109537142,0.09466666666666666,0.08309270094392773,0.01157396572273893
2010-10-01,71.05140264178706,71.09379168572835,-0.0005964189700309319,48.40713202689017,48.43944109596685,-0.0006672217556800142,10.388619604401946,10.81241993081591,-0.039984528797536,93.27654714315462,95.19847748650051,-0.02039524301030049,80.94760892961186,81.63901817857742,-0.008505169572469384,29.290915696942687,28.836447497732728,0.015637298337110028,40.811329158069505,41.46711484136951,-0.015940981341869165,0.0013666666666666669,0.004335130681810023,-0.002968464015143356,0.013803851719915272,0.017051992581392377,-0.003248140861477105,0.095,0.08356465464822929,0.01143534535177071
2011-01-01,70.8417540794106,71.16579357183139,-0.004563701862157821,48.72250837266053,48.481478940151746,0.004959260070844351,10.179770501943842,10.847512503362152,-0.06353332448401883,93.38352268831078,95.03169097507406,-0.017495512125155877,80.8283937729371,81.46539523872248,-0.007850019902956085,29.19779542142934,28.920113421050438,0.009555887985320144,41.10310808263271,41.852890512696774,-0.01807712186267807,0.0012666666666666668,0.00336283709911003,-0.0020961704324433633,0.018386062965057404,0.016855816744194205,0.0015302462208631983,0.09033333333333333,0.08372546593335055,0.006607867399982786
2011-04-01,71.18274420497853,71.2540143583381,-0.0010007270598721973,48.8338618459598,48.52937706578121,0.006254635244541618,10.511419560946997,10.90232251593649,-0.0365135979815725,94.13925553414106,94.92297418377059,-0.00829063679029396,80.55181952154662,81.30348454629419,-0.009288177893576055,29.220063835694134,28.997700735516485,0.007639049116671348,41.65154286696893,42.247340263565654,-0.014202987928502164,0.00046666666666666666,0.0025176202608796112,-0.002050953594212945,0.02680558477363082,0.01664463464203402,0.010160950131596798,0.09066666666666666,0.08358367850721334,0.007082988159453324
2011-07-01,71.0019262880755,71.35816604311947,-0.005004780381861806,48.80134155888376,48.583099989219335,0.004482069857332682,10.539972344717766,10.975090806317777,-0.040453313582222705,94.16519778104053,94.86873148036746,-0.00744349916849707,80.33755928577018,81.15800131566074,-0.01016063952796209,29.167797505350368,29.069094282228342,0.0033897179125532695,42.96911371974558,42.649547362593495,0.007464910969043892,0.00023333333333333333,0.0017957076316255764,-0.001562374298292243,0.02958337937893707,0.016399921846408046,0.013183457532529023,0.09,0.08315196599486445,0.006848034005135548
2011-10-01,71.63232238450935,71.47792472769832,0.002157745092767449,48.874790916252856,48.642804254917834,0.004757851104797872,11.322510275929584,11.063846942173877,0.023110043608165487,94.82967909811315,94.86498127794806,-0.00037220004160865017,80.13661567051453,81.0331643431745,-0.01112563311115533,29.31826064417924,29.134321301339902,0.006293646708825484,43.53590233508297,43.05817561525385,0.01103381611924581,0.00013333333333333334,0.0011920448298583556,-0.0010587114965250222,0.026408257384429534,0.01610950452264474,0.010298752861784794,0.08633333333333333,0.0824474288889503,0.003885904444383026
2012-01-01,71.63534830111672,71.61275028627924,0.0003155087606439011,48.85698371918613,48.70878570472805,0.0030379123602188862,11.447127872930965,11.166340440339228,0.02483492230419415,94.74496120939605,94.9073860148832,-0.0017128693377772564,79.66093267039844,80.93266571523694,-0.015838235670666556,29.39773112522387,29.193475497478413,0.006972256315038727,43.68714083322106,43.47203790727912,0.004935874012586883,0.0006666666666666666,0.0007006009901519428,-3.393432348527611e-05,0.02459846463766535,0.015769448497030394,0.008829016140634957,0.08266666666666668,0.08149144770337052,0.0011752189632961568
2012-04-01,71.79721565706198,71.7622045067694,0.0004877583226061688,48.75218736664905,48.78148908523382,-0.0006008533776693525,11.68125366353774,11.280445196875217,0.034914592748009454,94.65979609550914,94.99165007763494,-0.0034996234146031924,79.7212343814067,80.85963627066903,-0.014178786756001927,29.47357940712949,29.246770572950204,0.007725088906803457,44.08687812346842,43.8902019039663,0.004471086039238514,0.0008666666666666667,0.0003146835523950052,0.0005519831142716616,0.017069593909724068,0.015382256316389916,0.0016873375933341515,0.08199999999999999,0.08030783164230246,0.0016921683576975322
2012-07-01,71.72473060566077,71.92586818504581,-0.002800374137292394,48.60626800638146,48.861457087457005,-0.005236393153377872,11.620959374060165,11.404152806866657,0.018832739957013622,94.9720826231118,95.11341999560241,-0.0014870928775749803,79.81744650192309,80.81642112014087,-0.01243806815937365,29.36845579505137,29.294553345880402,0.0025195600890142167,44.563611661921406,44.31183432534229,0.005665862091111862,0.0010333333333333334,2.757874752402422e-05,0.0010057545858093092,0.015327315465776481,0.014955948662636108,0.00037136680314037336,0.08033333333333333,0.07892112442177551,0.0014122089115578135
2012-10-01,71.63042033808927,72.10334810034793,-0.006580631316663421,48.707892244422275,48.9492204766141,-0.004942368593773061,11.508917563578297,11.535633452995484,-0.0023186306703739668,95.2854501572871,95.26815920723404,0.0001814812131684107,79.89264610672166,80.8046753929483,-0.011351017805083963,29.25746106297799,29.33731801779591,-0.0027257378733436255,45.235361052553294,44.73619361908654,0.011096230514172412,0.0008666666666666667,-0.0001670822040780928,0.0010337488707447594,0.017662476598020893,0.014499600803677603,0.00316287579434329,0.078,0.07735692736304267,0.0006430726369573286
2013-01-01,72.14172284608306,72.29412783320515,-0.002110349237637976,48.8695863940065,49.0451566367347,-0.0035861898925051428,11.901082481640461,11.673116799899205,0.01934087221559322,95.66106779979697,95.45124976928317,0.002195757107476659,79.91988698163098,80.82546038040226,-0.011267299414607912,29.387538699632575,29.375610854694532,0.00040596343770937793,45.625539484835464,45.16266903560671,0.010196796860118429,0.0008666666666666667,-0.0002750394854123073,0.0011417061520789741,0.01450676982591892,0.014022520111674996,0.0004842497142439235,0.07733333333333334,0.07564172441792659,0.0016916089154067476
2013-04-01,72.17713738411223,72.49739386325862,-0.004427275478152026,48.82232910041228,49.14949774141641,-0.006678855906244063,11.99555642323148,11.814732132406345,0.015189044588252987,95.84218322681106,95.65807630205143,0.0019227857125043712,80.08529548263368,80.87930313203917,-0.00986569837622664,29.344595507543744,29.4099332121903,-0.0022240917595111043,45.917696870402025,45.59094253583259,0.007141527301309125,0.0005,-0.00030138718643536494,0.000801387186435365,0.012584684216664366,0.01353599075616034,-0.0009513065394959747,0.07533333333333334,0.07380240145864803,0.0015309318746853096
2013-07-01,72.61490077713918,72.71223327114097,-0.0013394953281427036,48.863086742658666,49.26237137549032,-0.008138292432263494,12.388227298288541,11.958660736108515,0.03529084653998238,95.99378173233443,95.884133992388,0.0011428907956130274,80.24829014068865,80.96620202392391,-0.008906353506741738,29.471280658664444,29.44079809723383,0.001034849382153702,46.21616679650649,46.020977568297965,0.004232340905968357,0.0003333333333333333,-0.00025050583075896237,0.0005838391640922957,0.013806226544743394,0.013051599562737097,0.000754626982006297,0.07233333333333333,0.07186690161299986,0.0004664317203334767
2013-10-01,73.06845232630278,72.93752518364711,0.001793449555724358,49.09431669990045,49.38370408313226,-0.005877214304743195,12.47114152473885,12.103107829647271,0.029955032132448878,96.02902121196473,96.12500329922173,-0.0009990120736098618,80.50208217265332,81.08569575230062,-0.007223518076029833,29.61553577862863,29.468681115776995,0.004971038730265054,46.75845930184989,46.452944007118624,0.006555343615663567,0.0006333333333333334,-0.00012627507500327396,0.0007596084083366073,0.011857956815171544,0.012580338790421537,-0.000722381975249993,0.06933333333333333,0.06986412484119665,-0.0005307915078633235
2014-01-01,72.66279247801337,73.17207725482913,-0.006984431749233799,49.20594521568686,49.51317367292048,-0.006224315058347418,12.349081411578705,12.246461040542785,0.0083446800753606,96.1946105633415,96.3762963486939,-0.001886950029729384,80.79476294550821,81.23690729146129,-0.00545751880144163,29.380811051688458,29.494079803696103,-0.003847782649320841,47.20871891376568,46.88714257888421,0.0068351058537019505,0.00046666666666666666,6.779032368908338e-05,0.0003988763429775833,0.012958442891712663,0.012133672340093687,0.0008247705516189752,0.06666666666666667,0.06782326262327817,-0.0011565959566115086
2014-04-01,73.44142026507086,73.41476680533879,0.00036298722657068794,49.51199585096096,49.650275711169364,-0.002788962932414929,12.824400055484018,12.38726526484426,0.03468066054325991,97.00158346434729,96.6335225900209,0.0038015969841254105,81.04143394270722,81.41862246263308,-0.004643469982844373,29.50333714771597,29.5175858700468,-0.00048283631902412694,47.47855588329974,47.3240794306887,0.003258909181529379,0.0003333333333333333,0.000328650363430703,4.682969902630317e-06,0.0169724002177829,0.011722612623899042,0.005249787593883859,0.062,0.06577317469459178,-0.003773174694591777
2014-07-01,74.15167848190505,73.66413660895036,0.0065966370462815505,49.81055639093722,49.794309497412016,0.0003262269071773183,13.086108474854083,12.524068949214298,0.04389893697944025,97.53732988480436,96.8920304141866,0.006637905294183177,81.37589300502815,81.62937165822699,-0.003110069580114505,29.63945463605726,29.539722343146007,0.0033705229582037255,47.7631649721731,47.76448365788585,-2.7608461670158846e-05,0.0002666666666666667,0.0006535143400485395,-0.0003868476733818728,0.015568137975620733,0.011358687535577856,0.004209450440042877,0.06066666666666667,0.06374199791801194,-0.0030753312513452716
2014-10-01,74.34420127071483,73.91872756200891,0.005739464072802569,50.1445981032363,49.944481573388565,0.003998773835321323,13.165473194816066,12.655639768474677,0.03949478837874176,98.2810114017897,97.14734931560923,0.011601947623059772,81.76352339461882,81.86746267532801,-0.0012704109066987712,29.520913415930472,29.56100516091496,-0.0013571580647306902,48.280905830173744,48.20920937079743,0.0014860894801893565,0.00023333333333333333,0.0010395944762257364,-0.000806261142892403,0.010503459596484355,0.011056706086116561,-0.0005532464896322066,0.057,0.06175551092222899,-0.004755510922228985
2015-01-01,74.696272959648,74.17736675704057,0.006971124035323406,50.11762237900704,50.10000093900965,0.0003516635017990488,13.572890817669808,12.781057258345703,0.060110308103352494,98.35829928051515,97.39536600570455,0.009838293861951897,82.0104557177135,82.13105016519772,-0.0014693964032286289,29.614291612573137,29.582014185792946,0.0010905217663048639,49.06839991315919,48.65914091460652,0.00837555897841824,0.0002666666666666667,0.001483861214849574,-0.0012171945481829075,0.0013754446926448338,0.01083410819302662,-0.009458663500381785,0.05533333333333334,0.05983757025390122,-0.004504236920567881
2015-04-01,74.99044988617958,74.43913207620247,0.00737899824548105,50.31204832984298,50.260193628360604,0.0010311932013795655,13.501328548641775,12.899699001213706,0.04558411375668525,98.40811015590883,97.63263474666967,0.007911411012013758,82.51465704500414,82.41822176381977,0.0011693883338503852,29.657449283114097,29.60330585233654,0.0018272951709521479,49.10291559613821,49.115240129651774,-0.00025096243127720186,0.0002,0.0019827810855930243,-0.0017827810855930242,0.001884092289635264,0.01070798799476347,-0.008823895705128206,0.05433333333333334,0.0580090602653605,-0.003675726932027161
2015-07-01,75.09950095295126,74.70341386405974,0.005288121561552117,50.53461688401411,50.4243890067695,0.0021836174013589726,13.482679047939943,13.011426360856829,0.03557790592069088,98.28171774633006,97.85628152007088,0.0043381384031278,82.9582615310044,82.72698068764589,0.002791811636117636,29.6696687629266,29.62545839762618,0.0014911975270126554,49.37859215520661,49.57876298445021,-0.004045603320254276,0.0004,0.0025320598715364443,-0.002132059871536444,0.001755754974638979,0.010689527965094824,-0.008933772990455845,0.051000000000000004,0.056288050160863384,-0.005288050160863381
2015-10-01,75.04583201956135,74.96993949147323,0.0010117940773577416,50.57303682406665,50.59194083537251,-0.0003737264014338493,13.339532599211397,13.116487898106735,0.016861945345963747,98.74389095193487,98.06389667139464,0.006910265032296081,83.38049243246162,83.0553755969332,0.00390681711706975,29.50571650404289,29.649085700358945,-0.004847264184472344,50.033303829436726,50.051003328012314,-0.0003536917877098311,0.0012333333333333335,0.0031262891175816957,-0.0018929557842483622,0.0023132678764199444,0.01078439564297269,-0.008471127766552745,0.050333333333333334,0.05469031181533393,-0.004356978482000597
2016-01-01,75.23036791479163,75.23868103089923,-0.0001104960279114664,50.85420709091037,50.76226387520159,0.0018096129480813516,13.1745678634492,13.215450915882307,-0.0030983748424850965,98.66536934295391,98.25332452935707,0.004184929392541115,83.68728771664786,83.40158112884548,0.003419819264146362,29.55555234130778,29.674831418951563,-0.004027636875376661,51.048763396407956,50.533174631640215,0.01015127693603457,0.0028666666666666667,0.0037587278312109307,-0.000892061164544264,0.007322186535025699,0.010992674959230037,-0.003670488424204338,0.048999999999999995,0.053228312072345664,-0.004228312072345669
2016-04-01,75.29285607067105,75.50965783347316,-0.0028753089926008,50.96240622307909,50.93475325142872,0.0005427623786933289,13.0629109732274,13.309054377875688,-0.0186675925979638,98.68383528541854,98.42282808393402,0.0026483869147853056,84.02237777268607,83.76395474664272,0.0030803847548979135,29.535166367803434,29.70325182279222,-0.005674895151290826,51.395676995041235,51.026523791588005,0.007208491891845359,0.0025666666666666667,0.004421451922541145,-0.0018547852558744781,0.008683410062479524,0.011309155389845735,-0.002625745327366211,0.04933333333333333,0.051911794663920825,-0.002578461330587492
2016-07-01,75.62539787478003,75.78288422474587,-0.00208028787562764,51.22565171565986,51.1088536971398,0.0022826722768529706,13.055751743938165,13.398043526741366,-0.025879907499616994,98.90212101931701,98.57092840509995,0.003354310127017257,84.29314435821279,84.14101176808889,0.0018064344547763511,29.589698601636243,29.734831072989426,-0.00489284151723135,51.90137106580009,51.53267126104799,0.007129207330045961,0.0029666666666666665,0.0051059797634614955,-0.002139313096794829,0.009542356377799432,0.011726332355533527,-0.0021839759777340945,0.048999999999999995,0.050747860627036415,-0.0017478606270364197
2016-10-01,75.84214711366448,76.05823798268096,-0.0028451674385197023,51.339092316159366,51.284019710321544,0.0010732984030039638,13.353070103850149,13.483034773381718,-0.009685882969372006,98.72604910753915,98.69631505358913,0.0003012227545866608,84.5516607916094,84.53140836536977,0.00023955593469437986,29.67707052825724,29.76995068091673,-0.0031248068060256706,52.33053253221082,52.053534455131846,0.005307299001978016,0.0043,0.005802670485076216,-0.0015026704850762164,0.014945122576674574,0.012235060186177553,0.002710062390497021,0.04766666666666666,0.04974199946033783,-0.0020753327936711696
2017-01-01,76.29741509211681,76.33549577541523,-0.0004989839199431856,51.83019910444749,51.45977166319116,0.007172604011673744,13.30885866439758,13.564447201649427,-0.019022314969815213,99.18345297328462,98.79789370873802,0.0038949098834777374,85.19831481720541,84.93387515691431,0.0031086400908080236,29.68638250917834,29.808903935551083,-0.004118699375882606,52.89179175298337,52.59134121995865,0.005696670871943255,0.0059,0.006500546147804043,-0.0006005461478040429,0.020361295084992515,0.01282482822667587,0.007536466858316644,0.04566666666666666,0.048898608249578576,-0.0032319415829119152
2017-04-01,76.56657442341279,76.61429468530861,-0.0006230577449679586,51.94888743495607,51.63565794121926,0.0060478220438415775,13.522065293611007,13.642632460112084,-0.008876812051827443,99.60635382461635,98.87460127660924,0.007373562496660213,85.54045710015978,85.34713378009896,0.0022625797641335765,29.66718861518366,29.851928704419517,-0.006207776285154232,53.27984972072809,53.14858708296025,0.002466684812179487,0.0089,0.007187689643010539,0.0017123103569894613,0.01596422058538871,0.013486819610920596,0.002477400974468115,0.04366666666666667,0.04822078699751608,-0.004554120330849405
2017-07-01,76.99326925904204,76.89424241811517,0.0012870031299669904,52.09777164661322,51.8114530078394,0.005510951782470297,13.68470612689094,13.71779127902691,-0.0024147556861420227,99.60376177548905,98.92563070425189,0.006831569876371901,85.90310748016886,85.77004915971183,0.0015501357312395214,29.78888341777192,29.899188783387487,-0.003696064795535303,53.45029357686804,53.72806503297544,-0.005183361298354061,0.010366666666666668,0.007851808520718892,0.0025148581459477765,0.016041260558804504,0.014216927764590295,0.0018243327942142097,0.04333333333333333,0.04770961574341848,-0.0043762824100851555
2017-10-01,77.68343880392909,77.1749108142958,0.006567677090782986,52.5385440384852,51.9871247946286,0.010550984566490396,13.858064460212438,13.790055729780367,0.0049196015591412845,100.0,98.95064902598376,0.010548954830317925,86.29446734589393,86.20158647855466,0.0010769043610716622,29.93079210415561,29.950734450459592,-0.0006660600752406154,53.5941132536781,54.33277556463805,-0.013688411715913062,0.012066666666666668,0.008481680524925405,0.003584986141741263,0.01747400123298326,0.01501259448897257,0.002461406744010691,0.04166666666666667,0.047363328201347116,-0.0056966615346804444
2018-01-01,78.0118349639734,77.45592771826917,0.007151445487471264,52.74740629377812,52.16282052101122,0.011144610798786037,13.990305948430525,13.85954277386622,0.009390653199289112,100.19228420686723,98.94976583051718,0.012478876260090033,86.57704086095636,86.64077440532826,-0.0007358775094807868,29.98548350014272,30.006548710116,-0.0007022669532243953,53.44235842466444,54.96568003040051,-0.02810533056386877,0.015599999999999998,0.009067655185967598,0.0065323448140323995,0.018648768136328764,0.015872401793351407,0.002776366342977357,0.04033333333333333,0.047177422908856986,-0.006844089575523654
2018-04-01,78.26773264576326,77.73723464523584,0.006801066075837525,52.82759505000047,52.339034589678946,0.00929123575902624,13.929088156560725,13.92641726805111,0.00019176737072879035,100.4810575111343,98.92376331991619,0.015619741253068753,87.04433627395457,87.08668044771906,-0.0004863484449391109,29.9710973901303,30.066603596725994,-0.003181543782891705,53.43545257388523,55.62940758027943,-0.04023754318943196,0.0184,0.00960232265052158,0.00879767734947842,0.021940555934378825,0.016796470066225793,0.005144085868153032,0.03933333333333334,0.047143837990043944,-0.007810504656710605
2018-07-01,78.56976830119496,78.01912101106689,0.0070330604209525305,52.89503403030972,52.51663390635654,0.007179504067313047,14.312251402109213,13.990931770918824,0.022706522780188365,100.68178092035278,98.87421355288731,0.01811638692646156,87.44943529809483,87.53831242867395,-0.0010158098424168926,29.998963033418736,30.130859320040663,-0.004387057636366265,53.601201534649576,56.32573195068702,-0.049579996846961016,0.020399999999999995,0.01008235578077223,0.010317644219227765,0.021763459770574478,0.017786654925059084,0.003976804845515394,0.03766666666666667,0.047250234013019136,-0.009583567346352469
2018-10-01,78.48705665657575,78.3022132947276,0.002357858385868994,52.90236479299425,52.696803162610735,0.003893248289946527,14.265794263147738,14.053347231920112,0.015004057717422192,100.7522564419915,98.80366760504775,0.019529871449145197,87.92724348307442,87.99463044376232,-0.0007661010251833744,29.896684350418653,30.19921726461254,-0.010068422697222523,53.63679013903793,57.0550873679238,-0.061782030363945584,0.02316666666666667,0.010509925987247851,0.012656740679418818,0.0195279907823116,0.018848027040982224,0.0006799637413293751,0.03833333333333334,0.04747938998048326,-0.009146056647149924
2019-01-01,79.07305970255727,78.58749250919705,0.006159673067392291,52.99924675276098,52.880980676590845,0.002233960546292657,14.422979125732605,14.11413119783579,0.021646199193238846,100.90519216059239,98.71580160434273,0.02193635358156243,88.70238198390997,88.45451626379858,0.002798263960379188,29.997924844102485,30.27149638962089,-0.009078349146706799,54.25139417484657,57.8161424020762,-0.06363932583371579,0.023866666666666668,0.010893653208113769,0.012973013458552899,0.014509765239692385,0.0199881425881546,-0.0054783773484622135,0.03866666666666667,0.04780809516554553,-0.009141428498878862
2019-04-01,79.58736847102647,78.87607018011082,0.008977503886766769,53.37577033811192,53.07075435461837,0.0057308929376564954,14.520500440809457,14.17389340314812,0.02415969465407608,101.03651771750826,98.61549297919188,0.024253634181683026,89.21981458493894,88.91678522845552,0.0034022166034359813,30.106172502005005,30.347324276223514,-0.007978134142465176,54.52421267303644,58.60522918657603,-0.07217905562667015,0.023000000000000003,0.011250067844459949,0.011749932155540054,0.014855954156527185,0.021214982718073927,-0.006359028561546742,0.036333333333333336,0.048207422555910706,-0.01187408922257737
2019-07-01,80.34260161556446,79.16937895686897,0.014710416247944558,53.82132069213286,53.26781013249489,0.010337472804806236,14.574533348845307,14.233447154874836,0.02368108612800235,101.10241967589056,98.50895623570459,0.025986588935223764,89.71150583373877,89.38038385825196,0.0036977928298220775,30.320602976862148,30.426153216151867,-0.0034750940503061045,55.26998685923002,59.41610622861478,-0.07233531015511296,0.019799999999999998,0.011603808430787954,0.008196191569212044,0.013896766874645472,0.022533104596395143,-0.008636337721749671,0.036000000000000004,0.04864273174647175,-0.012642731746471743
2019-10-01,80.70874528914918,79.46931887206136,0.01547591626577205,54.09613790024979,53.474052192547056,0.011566264636894807,14.27952569414298,14.293835530854345,-0.0010016209010230703,100.63886699570293,98.40387315700482,0.022458370261690952,90.19442116806458,89.84442758018952,0.0038879834124214696,30.492552522793655,30.50727844895908,-0.0004828185985732425,56.167942380572455,60.23945255284392,-0.06998132180855432,0.01576666666666667,0.01198685720919656,0.003779809457470109,0.014039087313185705,0.023943090995922213,-0.009904003682736508,0.036000000000000004,0.0490719610263575,-0.013071961026357493
2020-01-01,79.76430526931333,79.77855281976225,-0.00017860467911212652,53.18453764437535,53.69176399118739,-0.00949191069142552,13.963276259216343,14.356331891994671,-0.027760332859102288,99.3011516632365,98.30948992583055,0.010036605861680314,90.92556280999044,90.30822224396988,0.006812669652366488,30.313215274062433,30.589921683398927,-0.009086832867413186,57.30186019285833,61.062653167006104,-0.06356735087184084,0.0111,0.012436319041515294,-0.0013363190415152937,0.015498147806049412,0.025440126978383017,-0.009941979172333606,0.03833333333333334,0.04944514697735527,-0.011111813644021931
2020-04-01,73.36321487531868,80.10056141973094,-0.08786021277400291,48.49627068394269,53.92366071416752,-0.10608245401032113,12.020640021907372,14.422223263589336,-0.18214512503505542,85.57605099766705,98.23639842434811,-0.13797133679898543,91.2710236134851,90.7712802607469,0.005490422802702177,30.670204837502578,30.673287097549334,-0.00010049183547033991,64.93996901432011,61.869694103424436,0.04843282418327277,0.0014333333333333333,0.012991661170484597,-0.011558327837151263,0.005714230464293202,0.027013207603203734,-0.021298977138910533,0.13,0.04970415620561093,0.08029584379438907
2020-07-01,78.90343667124252,80.438875855822,-0.01927280566005596,52.63712270771523,54.17219057656475,-0.028746062061811628,14.217906524595692,14.492570197946668,-0.019133924918578682,92.44940663154195,98.19578525568384,-0.06030175488704703,91.08879312129159,91.23349302897473,-0.001587298416662719,31.392745989176834,30.756395528999526,0.02047888946251364,66.96199363402856,62.64125880189821,0.06670105194862153,0.0011333333333333334,0.013691515639443966,-0.012558182306110633,0.01118881118881121,0.028645114192827843,-0.017456303004016634,0.088,0.049783910433742855,0.03821608956625714
2020-10-01,79.63777022435328,80.79265632195731,-0.014397593675465892,53.182126579805114,54.43624823537258,-0.02330788646699178,14.65557640417639,14.566798163021376,0.006076064358225608,94.27516969394163,98.19037696965562,-0.040690373228073895,91.4567199246515,91.69506502406689,-0.0026027071920662337,31.240585590835366,30.83825526295799,0.012962096440181092,68.34272809676956,63.3590861704423,0.07571684077599006,0.0009333333333333333,0.01456729053683468,-0.013633957203501346,0.012355523956842251,0.030305316208987,-0.01794979225214475,0.06766666666666667,0.0496695162867409,0.017997150379925768
2021-01-01,80.79763368796655,81.16007653160625,-0.004475778870966174,54.34583104393572,54.71373368953159,-0.0067468459473345455,14.45956654297715,14.644147985896335,-0.012684560771748732,95.29316663161785,98.21923365344094,-0.03024395390453538,92.16034203120277,92.1561140566222,4.587734238192809e-05,31.39076305517199,30.918259920949648,0.015166734097341372,69.7989952460438,64.00694070249205,0.08662808895290297,0.0005,0.015642545087156692,-0.015142545087156692,0.020316913207908405,0.031952372924035334,-0.01163545971612693,0.06233333333333333,0.049369965445573795,0.012963367887759536
2021-04-01,82.08083894007363,81.53854750086653,0.006628718475090167,56.15817313777424,55.00170981377073,0.02080795731805196,14.189419526837215,14.723901558762877,-0.03697554659156932,96.93026255958982,98.27895142154043,-0.013818101044051012,92.63267547265147,92.61661019898865,0.0001734449193131482,31.481796881256106,30.996048343787475,0.01554977843217209,71.32106922126518,64.57127181717448,0.09942218160409944,0.0002666666666666667,0.01693231729165778,-0.016665650624991115,0.0400607592989608,0.03353362499016938,0.00652713430879142,0.059333333333333335,0.04890549781019772,0.010427835523135615
2021-07-01,82.63208960543547,81.92520508963808,0.008591401130637166,56.44035352633052,55.296948087781956,0.020466672000647,14.66165110269895,14.805208297725917,-0.009743714377611123,98.16155282923972,98.36429006316953,-0.0020632126835273823,92.98412674395463,93.07652611437845,-0.0009932178201053077,31.392617472558275,31.07155086404099,0.010280115612187668,71.68822884262808,65.04195677654855,0.09729401125225667,0.00046666666666666666,0.018442181060906233,-0.017975514394239566,0.04597701149425304,0.03498914089726309,0.010987870596989947,0.050666666666666665,0.04830445538549871,0.002362211281167953
2021-10-01,83.91858152271404,82.31747259306958,0.019263672380707142,56.867703954238955,55.59687473045946,0.02260059712610918,15.632450063027138,14.886854837566887,0.0488702881266172,99.45975920278953,98.4691636508326,0.010009692455595243,93.43776402975867,93.53584458359364,-0.0010491380420880603,31.556459452896537,31.145000490320143,0.013124570599531982,72.0696621826372,65.4130971879811,0.09691068034829442,0.0005333333333333334,0.020167294273829725,-0.01963396094049639,0.058034146665527864,0.036263068594133425,0.021771078071394438,0.042,0.047601697573564763,-0.005601697573564761
2022-01-01,83.2922494506878,82.71316794747473,0.006976686196699333,56.56866956929727,55.899574971827334,0.011898514004255567,15.880707571145441,14.967509741509769,0.059223177541951166,99.7018685306231,98.58734737514833,0.01124148771573541,93.80020217087068,93.99449021933093,-0.002069154514498628,31.229133064389874,31.216833605111095,0.0003939232617833355,71.46387788780648,65.68314825276697,0.08434972047657396,0.003066666666666667,0.02209158011285952,-0.01902491344619285,0.06582713222667436,0.03730642344872045,0.02852070877795391,0.03833333333333334,0.0468335601585346,-0.008500226825201261
2022-04-01,83.3057818218252,83.11106735092588,0.002340082277987321,56.71524437292623,56.20388576775591,0.009057138505505158,15.49910391989989,15.046272543160832,0.02965192166623698,100.31193913616112,98.71321132375586,0.016065931329971583,94.54576465488665,94.45232474609011,0.0009887921799185406,31.024515771492634,31.28774770013238,-0.008448850349222159,69.88359516581698,65.85502595374861,0.059375182094826506,0.010766666666666667,0.024186690534839083,-0.013420023868172416,0.06908600162685796,0.03808382775275886,0.0310021738740991,0.036333333333333336,0.04603287786356347,-0.009699544530230135
2022-07-01,83.75065897836045,83.51028727887736,0.0028742138597177558,56.900951579242054,56.50903865577106,0.006911463139056551,15.303360950224292,15.122784639879319,0.011869951125289102,100.77235593300725,98.8417940824934,0.019343538991781095,95.12550714611898,94.90908500348368,0.002277714112502771,31.031028620088414,31.35845455663181,-0.01049628642406697,68.65687578169299,65.93561845510496,0.04044249626644536,0.026633333333333335,0.026412386925708,0.0002209464076253359,0.06685513656468012,0.038577729240969576,0.028277407323710542,0.035333333333333335,0.04522717277004086,-0.009893839436707526
2022-10-01,84.16577013600484,83.91004978964823,0.0030429188896636816,56.9416278961324,56.814569978499385,0.002233864577815048,15.528764321590813,15.196963403136527,0.021598435023389317,100.81766297927521,98.96910278314814,0.0185058599317518,95.62983346754312,95.36456227688974,0.0027777920937595013,31.118080969343016,31.42950650221892,-0.009958117298533242,67.07320313328736,65.93469956156717,0.01711975537002708,0.0404,0.02872004315648823,0.011679956843511769,0.06002655089519582,0.038789952006744795,0.021236598888451023,0.035666666666666666,0.04443790474402485,-0.008771238077358183
2023-01-01,84.32253679039822,84.30971349716835,0.00015208589380399928,57.276872336100894,57.12025285743235,0.0027381732934168568,15.131211224626083,15.26883966533532,-0.009054549381746213,100.71734650510693,99.0923220587213,0.016266082494659884,95.84504246570074,95.8186809238171,0.00027508118473029697,31.17168702780905,31.501254231207433,-0.01051714614210919,65.33733082555214,65.86403598368763,-0.00802900153313768,0.04626666666666667,0.03106117118970652,0.015205495476960151,0.05041291753975119,0.03873999352305405,0.011672924016697138,0.035333333333333335,0.04368035000192558,-0.008347016668592243
2023-04-01,84.69120556662166,84.70878607194621,-0.00020756205732475053,57.50600738469905,57.42593589295203,0.0013933725023411725,15.261773896154565,15.338653663006998,-0.005024761726628135,100.28522351421299,99.20977039027795,0.010781859947300632,96.28498420986838,96.27153171555284,0.00013972515313565026,31.345312499003228,31.573855140506698,-0.0072646748263749394,63.898920365600326,65.73629561116184,-0.028348752009802247,0.05073333333333333,0.0333945829609168,0.017338750372416535,0.03918449220979081,0.03846062413717217,0.0007238680726186428,0.035333333333333335,0.042964302736354855,-0.00763096940302152
2023-07-01,85.47837957509037,85.10677428967317,0.004356837213749465,57.73239293241959,57.73156349327997,1.4367065971576665e-05,15.49366924334046,15.406564374862995,0.005637827873624879,100.12521105088734,99.32076893301593,0.008066810674742797,96.71056071875422,96.72322447357683,-0.00013093632870919691,31.620663441095285,31.647260072782586,-0.0008407620094623702,63.16605269552013,65.56389299951748,-0.03725811687796199,0.0529,0.035688593840346096,0.017211406159653907,0.03430324996153389,0.037991909773884384,-0.0036886598123504963,0.03666666666666667,0.042294340254506596,-0.005627673587839929
2023-10-01,86.00489430728318,85.50316505082444,0.0058508117881101995,58.06513916612637,58.03712971116945,0.00048249626421892344,15.616142324051992,15.472686288319338,0.009228849096818426,99.87662144786829,99.42530706889639,0.0045289591902824,97.17576678419633,97.17388022466776,1.9414077232937643e-05,31.81340676907497,31.72127540109073,0.002900193387756822,62.617621683972374,65.35806740201721,-0.04283414655958939,0.05283333333333333,0.03792235591720422,0.01491097741612911,0.028516788518819336,0.03737436877552132,-0.008857580256701983,0.038000000000000006,0.04167027050769782,-0.0036702705076978107
2024-01-01,86.22009031126592,85.89767024780602,0.0037465098261275642,58.39625615438281,58.34262929190862,0.000918748984819473,15.482254886935978,15.537191720710197,-0.003542093571655247,99.84329731381705,99.52387726328524,0.0032043421844276665,97.91490275978501,97.62361487050411,0.002979342466932877,31.81543761228047,31.7956889806918,0.0006209175432316805,62.60472081605536,65.12846845350435,-0.03952106939875932,0.052333333333333336,0.04008577840955078,0.012247554923782558,0.027776846481375905,0.03664621407203087,-0.008869367590654965,0.03833333333333334,0.041088384151253134,-0.0027550508179197963
2024-04-01,86.80882210940908,86.29031278758431,0.005990912351490074,58.83969444084765,58.648074847811266,0.0032619525267110205,15.755749134195383,15.600346798594687,0.009912178372263547,99.88055021192946,99.61725712893417,0.002639560197422064,98.3591675026161,98.07254820787416,0.0029182609042051055,31.97421327679762,31.870344437001435,0.0032538069071548215,62.54045930700365,64.88291130946436,-0.03677058480333173,0.05243333333333333,0.04217808989633046,0.010255243437002869,0.02678259422580931,0.035840122605700506,-0.009057528379891197,0.04,0.040542677921429855,-0.0005426779214298544
2024-07-01,87.32649833429613,86.6813197960227,0.007415546057080391,59.27811619528664,58.95351339426743,0.005490977629807325,15.77247492448693,15.66238804741826,0.007004155050519323,99.83667412273753,99.70642784576722,0.001305445231455593,98.83069612856488,98.52098620532837,0.0031386626536455964,32.12026578568876,31.945096315407067,0.005468474728372641,62.6880725028494,64.62751666322217,-0.030469076306617993,0.04989999999999999,0.044206173678315336,0.005693826321684657,0.024223340688766193,0.034983227964073535,-0.010759887275307342,0.04166666666666667,0.0400254266477241,0.0016412400189425719
2024-10-01,87.53154436383423,87.07124930926001,0.005272494342271727,59.72738133029146,59.259114012999326,0.00787097281006588,15.442524578054675,15.72365371531874,-0.018041144461370173,99.82163432699441,99.79253941395406,0.0002915114964148202,99.29253778758847,98.96942138820516,0.003259492509809725,32.146340410964896,32.01986290853685,0.003942189491737302,62.79527011279801,64.36683895599812,-0.024718823485883945,0.044,0.046183322583425564,-0.0021833225834255662,0.025973705428397498,0.03409700277945585,-0.00812329735105835,0.041333333333333326,0.039528565985931095,0.0018047673474022308
2025-01-01,86.30411013490077,87.46107539153843,-0.013316618635209387,59.04976134525302,59.56525395360306,-0.008691915647893289,15.961736033590507,15.784556809153939,0.01116231523354383,98.87924128248032,99.87682769837623,-0.01003838321171635,98.63915572726481,99.41855061641941,-0.007870422481871309,31.965365734697514,32.09467143847473,-0.00403702167831721,62.00588863878176,64.10414239755568,-0.033279627245582866,0.0421,0.04812638808103235,-0.006026388081032348,0.025582684999429173,0.03319619475460629,-0.00761350975517712,0.04100000000000001,0.03904505736685793,0.0019549426331420816
2025-04-01,86.94907119334566,87.85207945886233,-0.010331926249298462,59.29544134825799,59.872612967806674,-0.009686759358694452,15.283481502670975,15.84533825994641,-0.03610273615233783,98.94805351441617,99.96055113593776,-0.01018061906686274,99.18212274001017,99.8692870572911,-0.006904417786291361,32.1279002763897,32.16962864763377,-0.0012979776299602008,62.47272810219814,63.84165307687269,-0.021675735718594602,0.042300000000000004,0.05005085706389225,-0.0077508570638922455,0.024430957223541272,0.03229047453143929,-0.007859517307898016,0.04166666666666667,0.038568990200903826,0.0030976764657628456
