date,gdp,gdp_trend,consumption,consumption_trend,investment,investment_trend,hours,hours_trend,capital,capital_trend,tfp,tfp_trend,real_m2,real_m2_trend,t_bill_3mo,t_bill_3mo_trend,pce_inflation,pce_inflation_trend,unemployment,unemployment_trend
1959-01-01,29.22164352394853,29.12027478860321,17.719139315427956,17.71704258483411,4.762109233853983,4.6172909640592055,103.12149855747963,103.2052783992756,28.947253969993685,29.09634106141004,16.17517060094562,16.081894754890623,16.48141998506166,16.141960036906415,0.027733333333333336,0.026651862012562994,0.009041951997872388,0.01783047732463737,0.05833333333333333,0.056625965654487485
1959-04-01,29.769950399019056,29.245300591289123,17.970944777208793,17.793206163690467,5.091079428635677,4.633643454233961,104.68412586510576,102.97264870977497,29.07574974950126,29.193523324005668,16.29309349618344,16.155794193708545,16.639710942505708,16.29375769597887,0.03,0.026894885711233447,0.01128143871524312,0.017427198551366783,0.051000000000000004,0.05722338974081254
1959-07-01,29.684168663725266,29.37785161636539,18.133025660573004,17.87219777740365,4.7268836023941585,4.651855137737002,104.00536534503351,102.75379765978383,29.285182604817614,29.290429659655732,16.274051305875336,16.232641371624602,16.740786961090233,16.44719677900418,0.03540000000000001,0.027104675742851875,0.016644562334217516,0.01699020627357027,0.05266666666666667,0.057744471236963156
1959-10-01,29.674758149850934,29.518238036107785,18.12383327774153,17.954062276392218,4.857318906843931,4.67197389588617,103.70429211262133,102.54879850095128,29.40788030150277,29.38760707443453,16.275742551402406,16.31247077308684,16.68058986932597,16.602730718434618,0.042300000000000004,0.027277650879426324,0.02262173278492763,0.01652620561629722,0.05600000000000001,0.05819200667049432
1960-01-01,30.137636485601114,29.66697253516119,18.12563502304758,18.039009412759512,5.358093308341417,4.694097328156444,103.64954716790157,102.35850327981976,29.451993123002175,29.485606573570774,16.526619727044096,16.395344533501742,16.585526607457037,16.761015000835563,0.03873333333333333,0.027415414470625545,0.01699940699743041,0.016041685677134924,0.051333333333333335,0.05856561894110462
1960-04-01,29.89051871085539,29.824681353957413,18.351943224469295,18.127360349108205,4.811385779627155,4.71844166625503,103.52977701220188,102.18447875619468,29.736652664012016,29.584999273321703,16.348299829242958,16.481303686440505,16.633464892138974,16.922779071441614,0.029933333333333336,0.02752895883431866,0.018111424634162265,0.01554694525815108,0.052333333333333336,0.0588635609443236
1960-07-01,29.94174047339389,29.992304322220583,18.226461859638892,18.219498086254063,4.740210329965219,4.745622408564562,102.62375828661025,102.02908699819879,29.863561516630664,29.686342867845642,16.445615726303384,16.57047355048791,16.818325006927086,17.088667564025933,0.0236,0.027636349987663976,0.015850238079707868,0.015052881737238564,0.05533333333333334,0.059079565397175966
1960-10-01,29.453719784998835,30.170850176178366,18.212336050486122,18.315955613732427,4.141809221502278,4.776331114591578,101.32950865301147,101.89551749820164,29.958542788336775,29.79029801885856,16.293461307357703,16.662898628775103,16.953339747935733,17.259163825266292,0.023066666666666666,0.027757156681881705,0.01472591631527731,0.014571995291900267,0.06266666666666666,0.05920328362442953
1961-01-01,29.54399242484528,30.36132707083433,18.13344943829239,18.41728326170765,4.248665251926584,4.81127948618449,100.37846785561959,101.78732499470746,29.897148535199886,29.897646163435777,16.455693891924508,16.758546034292447,17.14579115548213,17.434596174471213,0.0235,0.027908424949449766,0.015289925494007095,0.01411728444735311,0.068,0.05922202555581221
1961-04-01,29.94863867093509,30.56431777355752,18.299534943240005,18.523980002456764,4.534142331107306,4.850776057782757,99.82625425183413,101.70771193226655,29.877173353068507,30.009286229938912,16.744915339318805,16.857146657496756,17.365748596178324,17.615108846549305,0.023033333333333333,0.028104269266586566,0.009990331936835295,0.013701843929453629,0.07,0.05912526573545334
1961-07-01,30.430332930248237,30.77990499207995,18.351131536750156,18.636378096756612,4.873718571231183,4.894768503853048,100.10995676371752,101.65900723511727,29.93364393068033,30.12613132169267,16.971663859323066,16.958232283323714,17.559617526421107,17.80066545863849,0.023033333333333333,0.02835604884391711,0.00975985617054076,0.013339501364712512,0.06766666666666667,0.05890796494150985
1961-10-01,30.97824057892152,31.007788376249326,18.652346246214183,18.754677911894365,4.9582834582126365,4.943002947353572,101.21601184336116,101.64237584647883,30.117324471511143,30.249027018016765,17.117597896322874,17.061252436015494,17.784820487647238,17.991066781101082,0.0246,0.028671953557108106,0.0064569748114051695,0.013041764684645067,0.062,0.05857188066105405
1962-01-01,31.480907847171608,31.247443424891987,18.804502063337203,18.878905938000642,5.197627924310592,4.9952092137504795,101.43056018941105,101.6580359250638,30.315851307550833,30.378713342648094,17.33152967413282,17.16565169756223,18.031346474239935,18.18594880257331,0.02723333333333333,0.02905684658463216,0.008933699189585864,0.012817904542520245,0.056333333333333326,0.05812424456973647
1962-04-01,31.648520257848993,31.49831690531423,19.001679500677476,19.009027239370376,5.097893285188609,5.051120778001911,102.2583913045471,101.70596920020941,30.5031435659225,30.515862808907546,17.29466999677959,17.270896450846465,18.315079282057948,18.38479768220837,0.02716666666666667,0.029513046133988693,0.012571793235481854,0.012673076097936229,0.05533333333333334,0.05757443091779449
1962-07-01,31.892269526723783,31.759990294538675,19.078638933051995,19.144961254902793,5.140240378083742,5.110589763938897,101.58318421739536,101.78604558915822,30.63165851308179,30.661124038997283,17.477341160094714,17.376544233758274,18.476448112610836,18.586976167402774,0.028399999999999998,0.030041730716895053,0.011700368815973583,0.012610006882145603,0.05566666666666666,0.0569306946359427
1962-10-01,31.816934522555385,32.03212989733739,19.259045924871682,19.286622700100953,4.934981769350689,5.173493725077322,100.39492383405191,101.89851002670252,30.733759263799453,30.815154262532587,17.54947001251132,17.48215667888966,18.702088480217686,18.79177258262974,0.02813333333333334,0.030642612357901514,0.013656863367845995,0.012631361124611929,0.05533333333333334,0.056199889968905424
1963-01-01,32.00822347192697,32.314477036155125,19.27082755173667,19.433883506358285,5.132719166526603,5.239724856205601,100.50420072330515,102.04351177159005,30.80296649259631,30.97861023116907,17.628617011566394,17.587348378120108,18.943900249817148,18.998371527446213,0.029066666666666668,0.03131437699986028,0.012206691543861892,0.012739234531007407,0.057666666666666665,0.0553880811439262
1963-04-01,32.22794299207588,32.60662825001245,19.365516253160628,19.58659569180718,5.202000795780742,5.309014208666685,100.71184206550257,102.22028172864098,30.936621848956555,31.152116719951085,17.698991738851404,17.691767373802353,19.238617797939074,19.205863255919855,0.0294,0.0320541422862332,0.010209869540555916,0.012936363745906261,0.05733333333333333,0.05450079079035135
1963-07-01,32.80151775161408,32.907970488750834,19.61614683722024,19.744503785738058,5.32464011618054,5.381009293961308,100.57243257879229,102.42710171797228,31.089133668481924,31.336207337944952,17.999208312544543,17.795079862142344,19.52313750394776,19.41326316455395,0.03293333333333333,0.03285762104152383,0.012382149591451785,0.013225152574515751,0.055,0.05354496565347886
1963-10-01,32.8776578779814,33.21762545305716,19.610265159156935,19.907203547803753,5.389078582805936,5.455268339687072,100.92877389893256,102.66131208755813,31.263011198666195,31.53129817878064,17.964459001371722,17.896949480318504,19.658078029248536,19.61956585488737,0.03496666666666667,0.033718867251306864,0.013034214813886447,0.01360630076316479,0.05566666666666666,0.052529322817696136
1964-01-01,33.42928130270235,33.53461289969249,19.942172177406995,20.074195796758392,5.513504218486016,5.531287456721197,102.58676603428165,102.91907540165576,31.44696275261121,31.737665601091464,18.036361184239944,17.997161374392647,19.83997782575213,19.82379537234103,0.0353,0.03463198222133937,0.014933766558360206,0.014079981181317865,0.05466666666666666,0.05146348876385709
1964-04-01,33.65918407581448,33.85769582691776,20.21195631705522,20.244774206713892,5.481196724334313,5.60849033057672,102.6282099041539,103.19543434482566,31.661838174113008,31.955429444039833,18.112414651625862,18.095539583654894,20.05311842601061,20.024963525592483,0.03476666666666667,0.035591847132013014,0.015534344001497224,0.014646009144721169,0.052000000000000005,0.050359050812721254
1964-07-01,34.03777561701361,34.18552024323047,20.481855000698005,20.418123592436363,5.539793312033507,5.686255679085112,102.84317963912014,103.4851796167264,31.850704905065022,32.18453433663709,18.253209297573232,18.191930305049024,20.33649594471138,20.222057911007386,0.03496666666666667,0.036593760674831124,0.013906996957844475,0.015304733584981535,0.05,0.04922959827123737
1964-10-01,33.99306259251398,34.51655073178731,20.42487199753579,20.59337911401148,5.605265752313686,5.7638443980401215,103.3902800142507,103.78269127163296,32.04432747463173,32.42474225425159,18.12797846166498,18.286188494647437,20.568500513922704,20.414051668927627,0.036833333333333336,0.03763250580350616,0.013546950389706769,0.016057058642991277,0.04966666666666666,0.04808974603959624
1965-01-01,34.67133361491022,34.849096357030554,20.756284482922148,20.76968589558597,6.112344694545715,5.8403823560707595,104.55107038581805,104.08188175883797,32.25398418393436,32.675600231264,18.31414528761449,18.37820621433566,20.787955079810054,20.59996111001589,0.038900000000000004,0.038701848537995485,0.01200517145847435,0.016903014874250756,0.048999999999999995,0.04695459051906913
1965-04-01,34.966260512322144,35.181064244647814,20.909238709627157,20.94605174109356,6.084070237255119,5.914848421078858,105.1607925765985,104.37634631674842,32.58638753201166,32.93640231399277,18.334341282749694,18.467774617714195,20.951921505685515,20.77887618348002,0.038733333333333335,0.03979505541546259,0.014989556456567188,0.01784106401660203,0.04666666666666667,0.045840213686319256
1965-07-01,35.62550019563591,35.51016921761364,21.19511944677431,21.121442313871757,6.239477193646356,5.986345230564548,105.07278689069513,104.65990245800239,32.9234780846897,33.20615312877785,18.622977171134718,18.554641978292267,21.20760756122525,20.94998772031809,0.03866666666666667,0.04090551681773472,0.01543077582511776,0.01886660665575229,0.04366666666666667,0.04476397589893537
1965-10-01,36.32486371371385,35.833907033096494,21.635934563381493,21.294766195436413,6.2945897639545345,6.0540478343184345,105.71771082801658,104.92679470203869,33.286415630871936,33.48360235477265,18.84075474006275,18.638469244622225,21.452268632015038,21.112584607884845,0.04166666666666667,0.042025959550337784,0.015196826365578175,0.019973261185183708,0.04100000000000001,0.04374375404761894
1966-01-01,37.110467825955254,36.14976263627345,21.925627033434917,21.464945024878524,6.725023010833707,6.117264774626205,106.94338517223161,105.17147523453964,33.67205062303449,33.767277417737006,19.02767961304968,18.71895641939286,21.667445844891397,21.266112813457006,0.0461,0.043147711137453255,0.019771261710670673,0.0211524986041093,0.03866666666666667,0.04279673920480127
1966-04-01,37.13208315378637,36.45545410902519,21.91947072261904,21.631084469065982,6.619399792854115,6.175441578742793,107.68828912834805,105.38885257759131,34.147441065523346,34.05552912185351,18.860284873045828,18.795927620876583,21.68933862899913,21.41023350220417,0.04586666666666667,0.04426187454521033,0.022818060767461734,0.022392804639979825,0.03833333333333334,0.041938407596633885
1966-07-01,37.33937139648095,36.749241321315125,22.062326921120242,21.792556809726175,6.523335847956894,6.2283891957345405,107.88531289240464,105.57491592817202,34.577743754945,34.34658986680199,18.860207404117006,18.86939968522222,21.5464363838942,21.544868547807663,0.05043333333333333,0.04536139792027727,0.026834710245432047,0.02368180174718764,0.03766666666666667,0.041181654153932
1966-10-01,37.53514485261179,37.029774312133384,22.074197693598403,21.948903475093356,6.569873290208943,6.276202906819484,107.29693475332496,105.72707944775009,34.96402602264274,34.63868864602675,18.95276774588424,18.93943285859375,21.51895695388676,21.670131072845194,0.0521,0.04644023240439825,0.03162197907899489,0.025007378165204763,0.037,0.04053712063609622
1967-01-01,37.741528305743174,37.29605689019049,22.10014457693362,22.099829621427517,6.384857787971013,6.319181029950401,106.82594013923645,105.8442065957035,35.336502758579,34.930140079995965,19.040798882942838,19.00608504257999,21.704459932827262,21.78615465203719,0.04513333333333333,0.047495499098950594,0.026606216071108912,0.02635939270131463,0.03833333333333334,0.04001325193534764
1967-04-01,37.62405550390181,37.547407942633306,22.311555986260498,22.245118798411863,6.093313425014375,6.357826904687388,105.7874885421121,105.92616641341957,35.63420032956732,35.219408554746195,19.046432963591567,19.06942574499118,22.029790927485692,21.892995632264213,0.0366,0.0485278564600589,0.023196638854370066,0.027731838288371783,0.03833333333333334,0.03961628224350978
1967-07-01,37.79376611254198,37.78343502962096,22.308347979907264,22.38455659579111,6.2390969631127495,6.392709705738366,105.6219338853172,105.97347443840982,35.80611327519432,35.50516653877078,19.119599220904995,19.129549475172585,22.303237367349528,21.990674624270035,0.043,0.04953648659024425,0.02490016443504839,0.029118862123836884,0.03799999999999999,0.03935139580327989
1967-10-01,37.905022401212484,38.00381108398438,22.286556363407982,22.517972829911194,6.349605897408926,6.4242497019287725,105.62227486636,105.9865948916356,36.02161960483446,35.7863092283668,19.135611301664763,19.186539566175277,22.422060607701937,22.079312678833745,0.04753333333333333,0.050513116681740175,0.025757575757575868,0.030511776905524333,0.039,0.03922297501428636
1968-01-01,38.52825508346464,38.208234492069096,22.72144600318329,22.64515267330872,6.452028575458704,6.452784352188722,105.40196957619989,105.96580559988432,36.2799715136657,36.06189252478481,19.427997634440526,19.240476035896013,22.468781658337708,22.159241632233687,0.050499999999999996,0.05144538862266135,0.03370329478761125,0.031899258645193045,0.03733333333333333,0.03923455765378052
1968-04-01,39.03925570968575,38.39636094334136,22.980976160715002,22.765737214050628,6.641040580626175,6.478615259814765,106.04924542858703,105.9111889626366,36.57274763119837,36.331098856715684,19.55240775913802,19.291409569284543,22.52356888316073,22.231024414540656,0.0552,0.05231908193652966,0.03932681741946675,0.033267011978884466,0.035666666666666666,0.039389542139629787
1968-07-01,39.18253324200049,38.5680664752412,23.32931305343023,22.87941604026068,6.415538424751517,6.5020527165742745,106.36393229205297,105.82250682191813,36.87666444531629,36.593232056318136,19.529759313832084,19.3395103298867,22.645710936208733,22.29543525850189,0.05196666666666666,0.05311938527897786,0.0403965161586064,0.03460186906522905,0.035333333333333335,0.039690138624501305
1968-10-01,39.1497956767541,38.723652400703564,23.25365130092357,22.98601613583605,6.501576555473476,6.523515846422577,106.51776751338149,105.69964073080587,37.08804432125245,36.84773739834034,19.4561581860213,19.385114540501142,22.739610462330305,22.353448848456246,0.05586666666666666,0.05383328787942834,0.04294966481081697,0.035894449441257636,0.034,0.0401362304638916
1969-01-01,39.58544942018423,38.86383310289726,23.39272244655665,23.085650781071095,6.8698301328217095,6.543376953791689,107.03443606487089,105.54284281853495,37.32323697202471,37.09423316824641,19.567544686043142,19.428681726776702,22.789445080997375,22.406275107122976,0.06093333333333334,0.05444705851817082,0.041992242396986956,0.03713899429843441,0.034,0.04072497800999025
1969-04-01,39.544396036634325,38.98962197995481,23.44936204571928,23.178611150858426,6.769090432145564,6.562000683686372,107.58607483546679,105.35290487345998,37.656574083880464,37.3324890786946,19.421511454426458,19.47072096857592,22.609226847371055,22.455380486805613,0.06196666666666666,0.054948236837236986,0.04457181013855638,0.038334154337829544,0.034333333333333334,0.041449706470946875
1969-07-01,39.634642798773406,39.10251421577241,23.42107246139278,23.26539274907796,6.832996471617624,6.5799570732130235,107.65557842308758,105.13156779605023,37.94460184246714,37.562423483088246,19.405842392879826,19.511833170882035,22.341296574036058,22.50248551798594,0.07023333333333333,0.055328416400418,0.04653852508674339,0.03948161354057479,0.035666666666666666,0.04229953794365487
1969-10-01,39.25113816971902,39.20438402411898,23.4636393807363,23.346674432337718,6.486976824277489,6.597950999494091,106.83235055293416,104.88196333147843,38.21677907996677,37.78416674127787,19.2659450774239,19.55259367438143,22.139598863085027,22.549422551683655,0.07353333333333334,0.05558357729014843,0.0470094781566619,0.040586954422677374,0.035666666666666666,0.0432591467917966
1970-01-01,38.98887386019348,39.297468795229825,23.42911604297595,23.42324741494299,6.23528971771186,6.616851213249035,105.86479040148417,104.60877088253447,38.3790206204838,37.9981021171359,19.222201691266,19.593516022812747,21.798954334821516,22.597937950456714,0.0721,0.055719015161945905,0.04898575744497191,0.041660170069860836,0.04166666666666667,0.04430906183450633
1970-04-01,38.83772403792101,39.38406435946482,23.34429662584282,23.495990639024452,6.238596533478625,6.6374662736208645,103.93272720774385,104.31784252089338,38.466778267406085,38.204901964441184,19.362816421499414,19.634936837522805,21.529716653695143,22.649533664697067,0.06676666666666667,0.05575124426885511,0.047251225229064664,0.04271526764518247,0.04766666666666666,0.045425066590840085
1970-07-01,38.9737052910693,39.46629696057693,23.450489228502825,23.565800426797182,6.240621591403522,6.660368462585964,102.8367117650127,104.01575429653926,38.538425980393235,38.40550007433637,19.55222966336202,19.676960302995905,21.71308367972305,22.70521536989116,0.06326666666666667,0.05570701697944448,0.04467950742027149,0.04377083280380899,0.051666666666666666,0.04658129308287397
1970-10-01,38.331193278210776,39.54596770493986,23.245060559666015,23.633489851070227,5.871608332765108,6.685880770276266,101.4643683177094,103.70877325129663,38.6020819050082,38.601020581511094,19.387355539685036,19.71951951555578,21.87789184921934,22.76527884642739,0.05353333333333334,0.05561997030128108,0.04614744290099382,0.04484828617439702,0.05833333333333333,0.04775327433273148
1971-01-01,39.153178957588224,39.624582206450896,23.426111480262204,23.699809705193392,6.53595774199157,6.7140604481323605,101.36626074751905,103.4023583149653,38.581470292105664,38.792698699903255,19.81926446918963,19.76246846599799,22.118218605668368,22.82938760664714,0.0384,0.05552846602298648,0.04397243365562642,0.0459696163072385,0.059333333333333335,0.04891972172102601
1971-04-01,39.140802512533654,39.702884171571064,23.466283269018376,23.765273600657764,6.679762286692094,6.7444209277533895,101.1236102185687,103.10049465644695,38.72237909600936,38.98179786930556,19.81858520486928,19.805449593930994,22.545821149855442,22.896634304503703,0.0425,0.05546956178507729,0.04430540719263454,0.04715762372557954,0.05900000000000001,0.05006595916524635
1971-07-01,39.24612499322968,39.781325693361644,23.51414995571603,23.83022808193628,6.733600971305328,6.776354915031353,100.57140267927427,102.80584331075082,38.89994039958788,39.16947436848383,19.910860375509337,19.848137823702956,22.856568177714394,22.965647878620636,0.050100000000000006,0.05546960993680573,0.044380635736235075,0.04843386071350895,0.06033333333333334,0.051183819090138985
1971-10-01,39.116369833989495,39.8600072391605,23.71829018103359,23.89483453028163,6.520320604968079,6.809203581327425,101.07103459131478,102.51979506476086,39.07873281373573,39.35674352822586,19.749486919763946,19.890213534840495,23.14957929832358,23.034818881011137,0.0423,0.05554685685130838,0.03739805052715339,0.04981809691978246,0.059333333333333335,0.05227071769597209
1972-01-01,39.38729585184048,39.938691965493845,23.65102440752979,23.95905620012814,6.816327219266854,6.842268524386982,101.06644744703782,102.24232227526936,38.978320765990375,39.544469923680644,19.904777291222057,19.931393767263543,23.224870596556002,23.10244974642187,0.03436666666666667,0.055716192895511295,0.03847480171437012,0.051327568727544993,0.057666666666666665,0.05332978962941585
1972-04-01,40.070016309073054,40.01667014602911,23.96425357214588,24.02274466465697,7.176265021384092,6.874651475724894,101.26716718337096,101.9724919336431,39.19083032346948,39.73335875404173,20.185249792775558,19.97130473019008,23.53506610686817,23.166895193164663,0.0377,0.05598422915080848,0.03273258645884081,0.052971749990946074,0.057,0.0543685836719138
1972-07-01,40.235432252337105,40.09287818623353,24.186758450114812,24.085555201558787,7.266948690494911,6.905420956944909,101.30527100947435,101.70864673140088,39.48293942792459,39.923768878810016,20.21102447429712,20.009553182687334,23.969592796239674,23.226569502658336,0.042199999999999994,0.056344233244700906,0.03164190623191221,0.054752081584752,0.05566666666666666,0.05539735915305775
1972-10-01,40.71400108631516,40.16627805354787,24.525202194889506,24.147102829714704,7.344215060234627,6.933815991671918,101.8814147616262,101.44870714073437,39.807223350725685,40.115721255697466,20.31791770161223,20.04587679704449,24.33723228284301,23.28010277222399,0.048633333333333334,0.05677804516147028,0.03365292425695121,0.05665735490652149,0.05366666666666667,0.05642802003764454
1973-01-01,41.50760221979298,40.23591393397022,24.859753888989935,24.207062323266584,7.663157513537094,6.959287492665419,102.87710133301825,101.19036382388657,40.12378266760464,40.308957402085206,20.5264396156265,20.080137656962272,24.504980589242976,23.32657617368111,0.057,0.057258664739620366,0.035246679316888185,0.05866191749421776,0.04933333333333333,0.05747263860766708
1973-04-01,41.742425275929016,40.30116556568756,24.815020924515746,24.265341240881803,7.917995914314975,6.981532986843961,103.41653712714485,100.93159943777674,40.50707074392586,40.503018294891675,20.504169910742235,20.112367031037348,24.40385174563662,23.365718339174784,0.06603333333333335,0.05775400137276235,0.049051976228657646,0.06072573911664804,0.04933333333333333,0.05854156129926137
1973-07-01,41.310234701704346,40.362195062802975,24.745062168735743,24.322251153463828,7.615742426881572,7.000672360588169,103.5792123350815,100.67145741056025,40.939354929889724,40.69731884233445,20.195979579611492,20.142873826369737,24.149338158821696,23.397983831136244,0.08323333333333333,0.058231802789045134,0.058864783991022795,0.06279415501875871,0.048,0.05964004748276697
1973-10-01,41.49190517730041,40.420054672198525,24.561069370343834,24.37844823646781,7.893666825591899,7.017383461568471,103.57298410546815,100.41051749920933,41.28421749007526,40.89126525669516,20.22611816990792,20.17221262581187,23.861606701349164,23.4244727137139,0.075,0.058664991299092986,0.07179296911232713,0.06480520434369116,0.04766666666666666,0.06076760138604471
1974-01-01,40.92492846542054,40.47639104552089,24.476538232130896,24.43485812658953,7.364933237332071,7.032724057945668,102.61930995269293,100.15113592270917,41.68258159171453,41.0844048138748,20.00270402609032,20.20097481162805,23.73002139858796,23.44675821677352,0.07616666666666667,0.059042115170120354,0.09050084772945954,0.06669447037769448,0.05133333333333333,0.06191645220727872
1974-04-01,40.81338036640965,40.533523472713924,24.551737442035787,24.492529327727496,7.399248389090818,7.0482810239855755,102.37520979851702,99.89758073002834,41.93561606009997,41.2765232577011,19.93681071148895,20.22978900680459,23.34279866792136,23.466693743771774,0.08153333333333335,0.05936193204977975,0.10026076791655436,0.06840190375999812,0.052000000000000005,0.0630706410604535
1974-07-01,40.22569371496301,40.594064050038696,24.47733924111856,24.552546495764954,6.988143742971763,7.065859438342468,101.51783931034313,99.65559359488964,42.19111753015505,41.46777737242314,19.71548413965082,20.25916255682211,22.806212995442134,23.48631653954985,0.0819,0.05963390243040904,0.10972755773391629,0.06988233411567636,0.056333333333333326,0.06420759461025732
1974-10-01,39.86949261947247,40.66081588497628,23.90354134297633,24.616042473157872,7.011933759254053,7.087498761377455,99.36060747700493,99.4323855115117,42.334727367078195,41.658739740644975,19.792077693374353,20.28942078509278,22.381242969549685,23.507593147232754,0.0736,0.059881343930148316,0.1151449588922544,0.07111050285990136,0.066,0.0652978203707157
1975-01-01,39.193616688587504,40.736370494116095,23.892566638427894,24.684115505295946,5.9248443296904805,7.115219277383989,95.8196396006932,99.2362586716404,42.48566167509307,41.850446124577246,19.89614149144133,20.320545546411264,22.193570935264578,23.532065285860558,0.0575,0.06014149047811869,0.10328599041936304,0.0720860546726067,0.08266666666666665,0.06630690444255606
1975-04-01,39.287737585773556,40.82284172594748,24.107074683802686,24.757423381718638,5.786204999842344,7.15103712622468,94.49533035653715,99.07542215264954,42.365327688635496,42.0443744581798,20.14514494193012,20.352202984765015,22.56312580863461,23.560559027281062,0.05393333333333333,0.060460150163484896,0.08605753514220327,0.07283615576874615,0.08866666666666667,0.06720087178877412
1975-07-01,39.734332906573975,40.92138127963659,24.335588275433093,24.83612840142728,6.1627698893217815,7.1962077777796445,94.81499410538481,98.95589616536273,42.17444600212226,42.2424278323075,20.361622330244476,20.38378831012168,22.849259332273036,23.593042663297577,0.06330000000000001,0.06088148014386286,0.07735158363838934,0.07340747232311522,0.08466666666666667,0.06795597222375571
1975-10-01,40.07136239723628,41.03217840900494,24.477785811034554,24.919983209931452,6.282755192276079,7.25108932444099,95.95736902153324,98.8807927664156,42.11695335856148,42.446747244603166,20.384828520155004,20.41456251071482,22.90260883247997,23.628847442695903,0.05626666666666668,0.061445558316349645,0.06825501532730582,0.07385493387261786,0.08299999999999999,0.06856187168368533
1976-01-01,40.7773700577854,41.15467725225214,24.861001065152603,25.008421545666536,6.82363370881727,7.315375391499317,97.07076629512041,98.85063011178383,42.09755849942929,42.659473254246166,20.59233515558325,20.44376828447846,23.271975160696243,23.666828243618564,0.04916666666666667,0.06219397415295242,0.06006246191346731,0.07423593502373006,0.07733333333333334,0.06901868028877431
1976-04-01,40.89265602226944,41.28771310504919,24.936075543365998,25.10059030766271,7.1152610406479555,7.388117158426888,96.68761333731352,98.86413192797195,42.22526570565166,42.88258267953952,20.681771613210675,20.470625649318553,23.625331412780582,23.70537084912064,0.05156666666666667,0.06316508031839725,0.0559861539619233,0.07460437043383697,0.07566666666666666,0.06933553198943165
1976-07-01,40.91879140993375,41.42987520221972,25.134101892748436,25.195532034205186,7.120865433992022,7.468026164095636,96.60739589306974,98.91895691077254,42.406916353955005,43.1177404461725,20.675071131791583,20.494443975173162,23.828254547675307,23.742601041696304,0.0515,0.0643890874102313,0.052297237405820596,0.07500527633962983,0.07733333333333334,0.06952675739421924
1976-10-01,41.03263134298531,41.57948894896437,25.29510460748117,25.29217146402417,7.162726240276832,7.553594721394729,96.69755715073931,99.01143479443566,42.59973198594836,43.366235126164405,20.687151249739102,20.51466221195922,24.149407824466593,23.776582732118765,0.04673333333333333,0.06588895701746943,0.05128950236106067,0.07547205259250493,0.07766666666666666,0.06961064407087217
1977-01-01,41.33760092707071,41.73453526639182,25.530580328866332,25.389378252075932,7.489749318549904,7.643025184991824,97.29168425891727,99.13646222646446,42.7984286153015,43.628938954127975,20.724311546377397,20.530831455849544,24.468126109424567,23.80542334276188,0.0463,0.06767959504949506,0.05863543275967387,0.07602390651952494,0.075,0.06961035869708754
1977-04-01,41.94394009359808,41.892620040040434,25.6240669595577,25.486006463279093,7.950585014363695,7.734178882066101,98.6731674235541,99.28747793485662,43.05756586535662,43.90626406808749,20.79248107079321,20.54261115777149,24.661517015170105,23.827455568806887,0.0484,0.06976393515088904,0.06780446091356107,0.07666493135385782,0.07133333333333333,0.06955410296468476
1977-07-01,42.49247481090427,42.05106214298348,25.812827586911308,25.58098142797889,8.30672780032553,7.824714403331289,99.24765397750188,99.45673673927733,43.41289289553067,44.19811049245784,20.924790114675112,20.54978315858674,24.804475094556906,23.84142016747547,0.05496666666666667,0.07213154871932628,0.06766811736627831,0.07738835253257166,0.06899999999999999,0.06947344709129756
1977-10-01,42.30392169676248,42.2071720958499,25.895292491028258,25.673299564219462,8.254470943376333,7.912316999008419,99.78033348194205,99.63606698973004,43.86272579810307,44.50384035893396,20.684820048425706,20.55228731237973,24.672254430536313,23.84657518881418,0.061099999999999995,0.07475865469301239,0.06599405707967665,0.07818185769870938,0.06666666666666667,0.06940107331354013
1978-01-01,42.25822870155906,42.358497337150936,25.976448341186583,25.762089087261323,8.341278932434388,7.994872261151741,99.81483883347212,99.81711165771227,44.289812503418226,44.82230227523861,20.587894054359197,20.550298872923737,24.667067889586075,23.842777399710265,0.06393333333333334,0.07761074395887003,0.06424571525538769,0.07902705934833494,0.06333333333333332,0.06936936796359457
1978-04-01,43.70164908431619,42.50261272511519,26.453499325523186,25.846606953209072,8.820125994396998,8.070404528196818,102.27865512294187,99.99154420307822,44.72117147132326,45.15190677154717,20.88535017381922,20.54407858421477,24.549498128838177,23.830400601527128,0.06476666666666667,0.08064477074463877,0.0678367646568121,0.07989795260212543,0.06,0.06940900836948864
1978-07-01,43.93942937479916,42.63700083071056,26.458784843022155,25.926237084653668,9.032939547647219,8.137102265825806,102.67410481009465,100.1509794133139,45.244553748602044,45.49068011919394,20.861253699449904,20.53391305721939,24.477114565672263,23.81033314114086,0.07313333333333333,0.08380914089641722,0.07047994740302421,0.08075929424069979,0.06033333333333334,0.06954689933760623
1978-10-01,44.32383971412545,42.759862653721314,26.508134505748238,26.000736098501577,9.22919363772075,8.193582323973319,103.43267422288275,100.28840139136611,45.79685373268387,45.83631516763128,20.854566302063265,20.52030202500634,24.32105304420547,23.783910379670015,0.0857,0.08704233644525526,0.07542460780500448,0.08156830280221117,0.059,0.06980406504410025
1979-01-01,44.20433944842571,42.870194320815685,26.543160897457085,26.07019262313734,9.199298475442301,8.239003335161415,103.71061562868695,100.39832939502686,46.385850523486965,46.18627713195226,20.669438808464008,20.503948499758394,24.127479530019386,23.752877711645272,0.09383333333333332,0.09027616704247587,0.0780024236239556,0.08227577223303915,0.05866666666666667,0.07019577118637096
1979-04-01,44.06528787316525,42.96795787481206,26.488264019724003,26.13501538947339,9.17091319082392,8.273168768272495,103.60410336699685,100.47721765410896,46.95817918440108,46.53792735222473,20.529882059144636,20.485761464490853,24.007709252111283,23.719306073318943,0.09376666666666666,0.09344160337912373,0.08518217611399281,0.08282865667019011,0.057,0.07073053092116607
1979-07-01,44.19014388008789,43.05395163717885,26.701742842467052,26.195914596756555,9.038606554665934,8.296499673081724,104.07405852019964,100.52357560719867,47.485448350274915,46.88867222344081,20.447509002661157,20.466750220231887,23.940231233618306,23.68548785062034,0.09673333333333334,0.0964718393751753,0.09292470212504611,0.08317123940778971,0.05866666666666667,0.07140965171490846
1979-10-01,44.07300510130444,43.12967093614285,26.778817591591636,26.253829684020577,8.864733789915782,8.310002508169896,103.77395380453326,100.53786642940943,47.93142708826908,47.23610580040598,20.364882232015727,20.44794806080469,23.730977975894405,23.653881344118865,0.11843333333333333,0.09930027211516176,0.0986165948340818,0.08324927468961604,0.05966666666666666,0.0722258594521953
1980-01-01,44.02370805006194,43.197333496579006,26.86232634716824,26.31002439198898,8.75098861643722,8.31517373392838,103.08510005187294,100.52276531762237,48.36120693073636,47.578129428941814,20.36662619740101,20.430372515214312,23.54954669009121,23.627090108069236,0.13353333333333334,0.10186046211733817,0.11066737664181758,0.08301461267364547,0.063,0.07316391565196861
1980-04-01,42.94826283684592,43.25976174269577,26.17292763585579,26.366100266239368,7.9728168645193955,8.313877851395034,100.82874736681777,100.48296285180894,48.76343605244918,47.91302616627663,20.098634714147277,20.41498581997261,23.253422266459708,23.607756022151996,0.09616666666666668,0.1040979280632209,0.10757889887122785,0.08242870809294468,0.07333333333333333,0.07420073233767949
1980-07-01,42.720576423229225,43.32031045224826,26.378351909874986,26.424015782901552,7.404111451188232,8.308261883839426,99.9537050112626,100.42474276247597,48.94571321646249,48.23953012451197,20.079435125668333,20.402707993109136,23.335808199236148,23.598469449168427,0.09153333333333334,0.1059779841788363,0.10604102275920191,0.08147029865806044,0.07666666666666667,0.07530686908549653
1980-10-01,43.3670613460984,43.38215814315709,26.60910246775482,26.48562513088951,8.010471766124573,8.300259270945258,100.94797208455103,100.35460255839,49.01301993104223,48.556883919811675,20.24283544567417,20.394258940000405,23.14608854773038,23.601604458959187,0.13613333333333336,0.10746098765183794,0.1066363062741762,0.08013384094877597,0.074,0.07645234334721064
1981-01-01,44.06340533577577,43.44812309855095,26.596153261805966,26.552772105636958,8.735671098601735,8.291202576005773,101.17859628198738,100.27873320980409,49.22885818856769,48.864764339389275,20.505828443796684,20.39015573336176,22.858617456041518,23.61938850595843,0.1439,0.1084982677631008,0.10225063257424427,0.07842914824743773,0.07433333333333333,0.07760802244810096
1981-04-01,43.59346155290966,43.521032040811804,26.431830182518794,26.62739914749606,8.40629197548391,8.282235565340834,100.92381095448089,100.20367829992013,49.62601277388293,49.16313793141956,20.263338819442584,20.39082261798269,22.944976678682877,23.65379235914221,0.14906666666666665,0.10905907400955087,0.09395798668885202,0.07638259787722049,0.074,0.07874324099885462
1981-07-01,43.96609997469932,43.60411635222588,26.403035872856496,26.711502657944408,8.795582394330761,8.27476726392753,100.52639268797078,100.13652129499442,49.92229541070259,49.452210347032626,20.446387607574096,20.396759166057322,22.84281998561381,23.7063455052737,0.15053333333333332,0.10913478197076218,0.08657656742201002,0.07403545558900332,0.074,0.07982528692946199
1981-10-01,43.34023362791739,43.700683085057484,26.082822718584392,26.806988785707443,8.499371076065147,8.270278999318366,99.74967766386759,100.08477584307096,50.304723220880575,49.73249324713713,20.20316946122797,20.408389374708477,22.956670561608366,23.778177856036713,0.1175,0.10874177197171941,0.07657791660469027,0.07143997175167252,0.08233333333333334,0.08081848364428917
1982-01-01,42.541162925192964,43.8143051585785,26.16878223560076,26.91560732482435,7.643684635633388,8.27056679858517,97.78141196918031,100.05618838130748,50.62101631790942,50.004814510847176,20.045216928354158,20.426173765258113,23.089293129688276,23.869923405786995,0.12813333333333332,0.1079222984320089,0.06270539338874914,0.06865623492901,0.08833333333333333,0.08168351374337132
1982-04-01,42.605366879495556,43.94838168822117,26.080598375054986,27.038689396086372,7.590532121030138,8.277574885187981,97.93338565602609,100.05829981269392,50.708315366522136,50.27038722551094,20.04312326248452,20.450450558055028,23.209379137331407,23.981745500139287,0.1242,0.10672408966373466,0.055230761918342086,0.06574754490033084,0.09433333333333334,0.08238200660779924
1982-07-01,42.319032065212994,44.10556465515178,26.219588597432107,27.177131650092722,7.454200560491926,8.29285920269177,96.95162546296221,100.09723712197994,50.78598036314159,50.5308430796501,20.028497549342024,20.481324498989498,23.194461134353798,24.113355917002647,0.09316666666666666,0.10520750587581407,0.054498269896193774,0.0627734821689874,0.099,0.08287974775590745
1982-10-01,42.20743230181092,44.287716149448336,26.614754358519836,27.331254162489458,6.813131206850143,8.317558648344287,95.75731619387398,100.17782937223384,50.8206546500751,50.78812716452083,20.13246103442599,20.51864915102577,23.40046429984537,24.26400750249893,0.07906666666666667,0.10344382972112472,0.05006102194487294,0.05978705424896829,0.10666666666666666,0.08314999228523394
1983-01-01,42.650080000403335,44.49561559656754,26.824594604212376,27.500789517984618,6.944026881291715,8.352298290328935,96.08420945775163,100.30296760732647,50.71385694973232,51.04438742488779,20.313535310863877,20.561995680429092,24.440964138577673,24.43238007254895,0.08106666666666668,0.10149681832803847,0.04545351190340852,0.05683609664659168,0.10366666666666667,0.08317607045096923
1983-04-01,43.507881207654975,44.72875065915229,27.346308445618533,27.685024274536353,7.461730101775235,8.396700200676323,96.95232162769972,100.47277984482187,50.64578622664655,51.30183689224417,20.61098446296905,20.61069216163416,24.8212529071858,24.616591166369137,0.08396666666666666,0.0994149930980182,0.044952930048196116,0.053962366097985645,0.10133333333333333,0.08295601042979225
1983-07-01,44.25195589348655,44.98544373954322,27.827300116779366,27.882809361031086,7.824011526328372,8.449435320634322,98.611211183723,100.68474950523974,50.69803264796229,51.5625242513341,20.72608593821008,20.663907518431998,24.877772676004913,24.81473049373524,0.09140000000000001,0.09723410658773841,0.04223665831541146,0.05120050522381382,0.09366666666666668,0.08250064702101682
1983-10-01,45.046188382914735,45.2632266110294,28.163420764009565,28.092760205124744,8.52912087744629,8.508537739253377,100.17423941049645,100.93414227221392,50.836517979751775,51.828122980099906,20.86358265521145,20.720805295130162,25.067168436392247,25.024971536797718,0.088,0.09498025614985402,0.0376526830551962,0.04857952574720874,0.08533333333333333,0.08183230085077146
1984-01-01,45.735864435569205,45.55912510890422,28.29972836169567,28.313424713688935,9.255556493816997,8.571588665031596,101.66760774301574,101.2149036775334,51.08006116138771,52.09979063058624,20.945175681335677,20.78058080376506,25.24566107848302,25.245475593291733,0.0917,0.09267589282040258,0.04028013397711949,0.04612283698698517,0.07866666666666668,0.08098027130746321
1984-04-01,46.408341633742694,45.86996481241617,28.656541947885675,28.543355885650115,9.478128251120769,8.636115907079818,102.73047413720823,101.52046303918763,51.578694396047815,52.37807702818539,21.038302253912768,20.842510667784968,25.50552251180018,25.47437098318039,0.09796666666666667,0.09033910497532795,0.040842277684382866,0.04384701898527541,0.07433333333333333,0.07997604592480077
1984-07-01,46.73119273145249,46.192605065362216,28.759240435315828,28.78105410882756,9.597981143457032,8.699990712980492,102.90188273187846,101.84447350802617,52.10861580804495,52.66289368028292,21.0861441356292,20.905966559715246,25.546881171417702,25.709719860813852,0.1032,0.0879873710575612,0.03527059223961859,0.04176500009483059,0.07433333333333333,0.07884966623359235
1984-10-01,46.97184353116157,46.524159840266464,29.005869240271867,29.02504259262496,9.417362377960847,8.761530797753412,103.25728332717709,102.18127417227419,52.63004344263776,52.95364161645511,21.073717337360645,20.97043529346545,25.8405180591813,25.94953197380135,0.08803333333333332,0.08564293673609044,0.03482818377784369,0.03988783070508878,0.073,0.07762764706927648
1985-01-01,47.3228228141327,46.86200043082756,29.48897999338,29.27378018414898,9.059947004082954,8.819549957484432,103.85385535466514,102.5257956812998,53.13218149718661,53.24935666245605,21.08164821831929,21.035510244999095,26.29948128626205,26.19163715057651,0.08183333333333331,0.08333755557299284,0.03583524984319464,0.03822250220057851,0.07233333333333333,0.07633368055922903
1985-04-01,47.62590387730494,47.20370347271678,29.738019762945285,29.525659526640343,9.171027676091656,8.873236028958273,104.31356555857805,102.87357521633126,53.51757052870227,53.54884778804016,21.102396670492293,21.100844531354436,26.53037787174658,26.433713125250392,0.07460000000000001,0.08110447512821878,0.03420785621104505,0.03677284368649882,0.073,0.07498856655140752
1985-07-01,48.22630061948743,47.54706450946464,30.27792169746647,29.779152937789995,9.038441386963932,8.921914690947764,104.33262355677353,103.22091972102122,53.90438053307454,53.85082262042496,21.31210005015396,21.166115922453304,26.860592126283628,26.67342007350131,0.07106666666666667,0.07897600282281887,0.03433608679570965,0.03554119223532534,0.07200000000000001,0.07361060467675329
1985-10-01,48.44169587418534,47.89008070057875,30.29612999020965,30.032813931223743,9.369247698220747,8.965091532505701,104.5465483177815,103.56498592859019,54.22648042356396,54.153939407063106,21.334272597542473,21.23099917497593,27.024967649394398,26.908397054442602,0.07166666666666667,0.07698038078088859,0.0351672589143488,0.03452828180236154,0.07033333333333334,0.07221685171211296
1986-01-01,48.65340613231382,48.231119214113576,30.475448827921785,30.28546118602609,9.319235123716151,9.002346969633585,103.88237089445673,103.90358880785817,54.5114388453164,54.45685973074741,21.47702739054123,21.295256584479556,27.155383779899434,27.136324518276485,0.06896666666666666,0.07514090779142583,0.03033667043436128,0.033734093152011126,0.07033333333333334,0.07082335780641025
1986-04-01,48.73834203148752,48.5688498313778,30.575322817597204,30.536041422938883,9.170454448728433,9.033516085036766,103.31645833094302,104.23513057203961,54.89279512812112,54.75826112505209,21.53842787939424,21.358712452800738,27.691744271653505,27.354888689535148,0.0614,0.07347756157210712,0.020983081389528424,0.0331590064093728,0.07166666666666667,0.06944499590958209
1986-07-01,49.06485232814071,48.90217423064922,31.063871184432827,30.783589171748808,8.900373193285914,9.058640809922782,103.54377413192665,104.5579817699531,55.21788288906718,55.0568269538421,21.607065607726952,21.42130294533418,28.186275667264912,27.561728970486477,0.055233333333333336,0.07200646093990598,0.018396010886624126,0.0328012783103467,0.06966666666666665,0.06809633270626972
1986-10-01,49.18395658103105,49.23007497074804,31.181271338422878,31.027136099937017,8.892079599867646,9.077861883797496,104.01791623538745,104.8699154376249,55.45999368992919,55.35129810636792,21.562247727052835,21.483076179447597,28.57044444744464,27.754647198300884,0.05353333333333333,0.0707361762358134,0.017459753787878673,0.0326515556376956,0.06833333333333333,0.06679332342533759
1987-01-01,49.37527976205101,49.55161505403426,31.19587515717738,31.265865066255525,9.109302239820073,9.091233309496733,104.94506215922215,105.16804146441307,55.65930828899258,55.64049230117238,21.49462304904065,21.54419728505012,28.73716434936971,27.93180257354816,0.05536666666666666,0.06966479459606624,0.019864046858777185,0.03269148188204245,0.06599999999999999,0.0655529047543754
1987-04-01,49.764279927648886,49.865809663085564,31.61500425110446,31.499037214638303,9.055720586364705,9.098703465637737,105.24330189784716,105.44890530288981,55.94007264992286,55.923274211697446,21.585994616905072,21.60488309763136,28.69927623816006,28.091849308903814,0.05656666666666666,0.06877965138008738,0.03080815013825422,0.03289320565785404,0.06266666666666666,0.06439297588716537
1987-07-01,50.061380700753965,50.17154410089616,31.949531864937743,31.725854098869508,8.98282404380072,9.100243395761353,105.69254936240367,105.70888419448396,56.20896176287327,56.19850135067113,21.618513827758964,21.665321803637926,28.5831943004701,28.233949961968612,0.06043333333333334,0.06805914561734382,0.035093537249087925,0.03322085843270763,0.06,0.06333171545201817
1987-10-01,50.795394935828114,50.46762011930318,31.959307984318635,31.945575565766028,9.599803573161019,9.09580878838181,106.52184183232612,105.94420306326352,56.4623131710118,56.46502440004585,21.790012329632585,21.725691876706595,28.603210566719227,28.357669230546627,0.058633333333333336,0.06747404322185668,0.0377523122564134,0.033637268514480755,0.05833333333333333,0.06238622313398171
1988-01-01,50.919643883553114,50.7527509265746,32.43739930536924,32.15759112090414,9.118986331701274,9.085293379573525,106.33024820412192,106.1510601467366,56.84567058358697,56.72168500015494,21.817155815901796,21.78614435854412,28.80015857773797,28.46282348541241,0.05723333333333334,0.0669903439749696,0.03614990107758209,0.03410643463531116,0.057,0.0615715162959464
1988-04-01,51.470503663167555,51.02583816966623,32.64452894664069,32.36129257739868,9.267849478466365,9.068909145316152,107.57865136613083,106.32600781427335,57.12018116452474,56.96730936939382,21.849620881243563,21.84687234711776,29.008072178732583,28.549420397637405,0.0621,0.06656852221434588,0.037573244045354226,0.034594927429675335,0.05466666666666666,0.060900079244677253
1988-07-01,51.645340921699585,51.285877679437874,32.86614478766058,32.556243200515,9.2091416741786,9.046899235337703,107.60498627330205,106.46571599900035,57.413455805252624,57.20079007970373,21.88109751041083,21.908090571666065,28.85927118909094,28.61771758036287,0.07010000000000001,0.06616295414599782,0.040499792695337655,0.03507059469857617,0.05466666666666666,0.060381539089254345
1988-10-01,52.21724648476732,51.53213821130245,33.21453293707748,32.74218519203014,9.310485382785133,9.019637803304553,108.56994766214873,106.56765111949359,57.693903430324255,57.42110764657171,21.95791182611375,21.970017896612323,28.798495994170697,28.668298034606895,0.07726666666666666,0.06572522314955376,0.04202167414050817,0.035503145690901385,0.05333333333333333,0.060021627055896504
1989-01-01,52.60044630159962,51.76411537942084,33.31086503728763,32.91906111039192,9.596559067503614,8.987604365965957,109.3516055631067,106.63001834838475,57.956875117177425,57.627371700585364,21.981136212874635,22.03285869551812,28.580395383472702,28.701934382952203,0.08539999999999999,0.0652093732583008,0.04573345939232154,0.03586568290428666,0.052000000000000005,0.05982250257555844
1989-04-01,52.88623561590893,51.98174028652506,33.48714439383241,33.0871196005311,9.432865304341213,8.951457896192018,109.53545881090301,106.65230256193837,58.31792687201409,57.81886262894427,22.028511616458466,22.09681210049279,28.41191376309618,28.719515729988917,0.08410000000000001,0.0645766619077242,0.048240708483837214,0.036135382916648716,0.052333333333333336,0.0597821448956183
1989-07-01,53.15743231460204,52.18548100525308,33.68816274969072,33.24687067876206,9.300414460567206,8.912218963391632,109.53704784390841,106.63571285137017,58.6197887782172,57.99507109829436,22.101290774559075,22.16204706355346,28.682640225166168,28.721885354164876,0.07843333333333334,0.0638009656750228,0.041585915850102406,0.036295589666209285,0.052333333333333336,0.0598936441993445
1989-10-01,53.14388755369899,52.37639202676932,33.785173084710024,33.39909435192651,9.208104959124087,8.87118547553845,109.29922263172953,106.58327783725277,58.88113495645175,58.15580773924251,22.092474587735126,22.228691617696843,28.97318187365599,28.709718716205632,0.07653333333333333,0.06286836322370311,0.039269128010184895,0.036337212919669605,0.05366666666666667,0.06014543516277908
1990-01-01,53.296257207213706,52.556161913234796,33.92283006323497,33.544869143737024,9.173612285526792,8.82986916206834,108.76552235576963,106.49984528151262,58.76984302014265,58.30128543342,22.241143624168075,22.29683720367392,28.847512036551876,28.683688384192813,0.0776,0.06177407844705804,0.04235064704839564,0.03625446889759583,0.053,0.060521227267672804
1990-04-01,53.37705033327222,52.726991649475416,33.883708792804185,33.68554041590065,9.0876688019214,8.789959096526424,108.07020284766384,106.39195115182011,59.00145132409762,58.432185349760424,22.33713920312421,22.366490601763385,28.70615027869625,28.644648822592437,0.07746666666666667,0.06052187584469905,0.03783452859891545,0.03604340626748569,0.05333333333333333,0.061000680765466365
1990-07-01,53.29005567246002,52.8915799834675,34.07928577857051,33.82271715970296,8.866310868512413,8.753323153140219,107.26400880024765,106.26752355468558,59.19137111484092,58.54950006177969,22.384346500703668,22.437623750680352,28.707562757867077,28.593570286394755,0.07476666666666666,0.059125411117208156,0.044864103500443564,0.03570388380818119,0.057,0.0615587551405582
1990-10-01,52.66190515116275,53.05306969192199,33.92181748819286,33.95816158083656,8.30922540955353,8.721981843755701,106.5185792447557,106.1355027593244,59.29554788039243,58.6545963098669,22.207319995207047,22.510189890925137,28.630465361182182,28.531470705452975,0.06989999999999999,0.057608930459431135,0.05043220207387966,0.03523687974998142,0.06133333333333333,0.062165617785201625
1991-01-01,52.30404580868215,53.21489329969691,33.57033782446358,34.0938263137614,8.012804150811698,8.69800335361225,105.25219558157777,106.00540685774573,59.29129548155432,58.74925985448492,22.229106146305906,22.584108217956008,28.64027874305479,28.45944399389774,0.06023333333333333,0.05600645585093216,0.04086804197350302,0.034649097460493175,0.066,0.0627885868696871
1991-04-01,52.60566002114052,53.38027874943102,33.71690919725911,34.2316726403724,7.955344977844706,8.68318487848619,104.37484692035659,105.88694639686047,59.2201389846715,58.83569432411123,22.48871673230294,22.659105116458164,28.698363301908994,28.378646270144397,0.0556,0.054359691189738255,0.03712942207540504,0.03395673738377566,0.06833333333333333,0.06339446038652263
1991-07-01,52.74208058300591,53.55191661369355,33.767418808144406,34.37336130440598,8.052266006320094,8.67889124614436,104.00880627097702,105.78931954278828,59.11210159381206,58.91645894586836,22.613029367745693,22.734678241859076,28.51580044230428,28.290342165006493,0.05376666666666666,0.05271298217230295,0.03107161282806592,0.0331798868042087,0.06866666666666667,0.06395204346142273
1991-10-01,52.78016695913215,53.73204237661711,33.70117467553425,34.52025415459663,8.246510367496263,8.686044301179413,103.5371585843545,105.72074943443828,59.012791769266336,58.994369573852374,22.709671259698798,22.810210916298793,28.358749933218,28.19598553034265,0.0454,0.051111449688086175,0.024999178739200545,0.03234061593410442,0.07100000000000001,0.06443322801569364
1992-01-01,53.29430516354225,53.92241062067647,34.34300160313222,34.67335205859047,8.013842491235408,8.705204178570169,102.70242341806211,105.68833653189671,58.99823500688964,59.07238028409633,23.053851937239315,22.885001510094487,28.435178707973677,28.097155654204464,0.038933333333333334,0.04960087317935688,0.026028561158132124,0.031459677314539844,0.07366666666666667,0.06481285261014487
1992-04-01,53.751002084628425,54.12420017635267,34.52002326819991,34.8331526919018,8.415434191594361,8.73670053042612,102.88528827878469,105.69782645336386,58.92398902926884,59.153472500845744,23.23477582157916,22.95827590731353,28.21996354710707,27.99551388799721,0.0368,0.04822346243232894,0.027236089443577693,0.030553235088345166,0.07600000000000001,0.0650698600380761
1992-07-01,54.13624455356895,54.33821479152059,34.84770003063117,34.99995574181904,8.443325056824682,8.780464264601221,102.77135703399188,105.75311822978355,58.92665755947208,59.24059781732505,23.41779149906433,23.029356252333564,28.038287417674884,27.892907903438577,0.030833333333333334,0.04701476002081246,0.026810214029764134,0.029634058950752835,0.07633333333333332,0.06518872672657239
1992-10-01,54.534300058091546,54.56504094105875,35.159008562550376,35.17387055589803,8.63597043021006,8.836267595042262,103.12973377824702,105.85639101679278,58.91418496822935,59.336582361809405,23.538406366200512,23.0977298613153,27.957713720785296,27.791297708209413,0.0307,0.04600316885459732,0.02652073585026593,0.02871284538096732,0.07366666666666667,0.06516076044019495
1993-01-01,54.48700279658069,54.805153817938574,35.217100805394566,35.354914752024186,8.775533628188425,8.903705124552546,103.77027995909147,106.00800069635743,58.98139865545229,59.444076242560385,23.414182799547543,23.163121229529107,27.651340657637224,27.692704907551843,0.029600000000000005,0.04520697845179372,0.02621227804761528,0.02779852595511748,0.07133333333333333,0.06498423432263427
1993-04-01,54.677522818132715,55.05902438369636,35.48233630104009,35.54309923671968,8.788946485857352,8.982271187946465,104.70661264374368,106.20663819307546,59.09386241900176,59.56548827003083,23.343696528409005,23.22552745488846,27.545383909410674,27.599225858996917,0.029666666666666668,0.044634913849977746,0.02629247611213037,0.026898662180875475,0.07066666666666667,0.06466273770897238
1993-07-01,54.79445743748162,55.32693805385169,35.72647275212235,35.73835007939851,8.725045149281383,9.071394688073704,105.04524821739365,106.44962759461907,59.18680573076764,59.702963596870674,23.33173576102694,23.28510393638787,27.441690526048703,27.512904607185206,0.030033333333333335,0.04428594572519311,0.024208127014069047,0.026019824160971282,0.068,0.06420382812117298
1993-10-01,55.38278431965307,55.60895124341105,35.94923112549298,35.94055525306049,9.105588870860785,9.17038530734232,105.7502433509496,106.7333753470221,59.2487059732003,59.85838092461458,23.471351042242397,23.34208303527131,27.377363043026296,27.435730061083362,0.030600000000000002,0.04414968959899396,0.022978816403627977,0.0251682031318419,0.06633333333333333,0.06361881553679832
1994-01-01,55.78733833955835,55.90479046662614,36.23079530077481,36.14959440619846,9.42123782882985,9.27831840888362,106.16491146886429,107.0534077837169,59.430599271736256,60.03332670180483,23.557448659872517,23.396729784166887,27.259202202807337,27.369631573269974,0.032433333333333335,0.04420685311018956,0.020561443801306645,0.024348858019207515,0.06566666666666666,0.06292138254083494
1994-04-01,56.41799115248546,56.214039457054035,36.45883322190418,36.36535135104946,9.847730725234475,9.39419893495662,107.63784046749684,107.40461313020681,59.69354162370677,60.22903709194551,23.574886705857338,23.449393574079686,27.122206459043014,27.316494694325858,0.03986666666666666,0.044429675341589786,0.019406850201930004,0.023565479382083195,0.062,0.0621269082918922
1994-07-01,56.59542724202478,56.53620381482521,36.691009077690914,36.58775968206172,9.663421729388565,9.517081692030821,108.61760832224859,107.78127773911889,60.02609735344024,60.446401745712144,23.464481027745585,23.500528207526656,26.91684229809767,27.278137442380356,0.04476666666666666,0.04478303692614397,0.02228531962243885,0.02281939064559781,0.06,0.061252487751158116
1994-10-01,57.08480927233605,56.87091104299104,36.957927180989515,36.8168115037393,10.011974818543749,9.646260278357028,108.75876686915846,108.17777178069842,60.29438900743822,60.68600436760246,23.61052601478103,23.550670487778483,26.6918920230027,27.256267655970447,0.0528,0.045228966616379616,0.021196075140009984,0.02210931609164265,0.056333333333333326,0.06031513656213828
1995-01-01,57.205220914233436,57.21782103411124,36.977670701208304,37.05256489633502,10.095976160001763,9.781084286951195,109.13600520683909,108.58891704033945,60.72301498618148,60.94819272493636,23.54868009263955,23.60033942000733,26.549239676164724,27.252388257337817,0.05736666666666667,0.045729482933412086,0.022519234862999005,0.021433646207719526,0.05466666666666666,0.05933108756349384
1995-04-01,57.256555870481165,57.57672360101534,37.26178223677027,37.29516941409329,9.848554454834504,9.921096776080944,108.74808374635137,109.00982626876679,61.11719989167842,61.23309348308006,23.5709869062997,23.650096016204973,26.616265452045777,27.267678380165727,0.055966666666666665,0.04625133629422149,0.022772292199053412,0.020790200705735486,0.05666666666666667,0.058314084966867914
1995-07-01,57.594857347925384,57.94739792926724,37.471370675408174,37.544731815139684,9.76951209943468,10.066011990844906,109.71513105099069,109.43588177477514,61.40595289849624,61.5407134688421,23.535346692419086,23.700473588252116,26.882909960797434,27.302912599786946,0.05366666666666667,0.04676855035562127,0.019637575630189197,0.020177477790507114,0.05666666666666667,0.057274957720843095
1995-10-01,57.82792278633788,58.3294163879122,37.61399706280033,37.80134124568699,9.933384293121648,10.215478052583276,109.69209173637768,109.86222863578152,61.65485470598313,61.87100568425047,23.60037423223225,23.7519602742507,26.939689469434885,27.358498584464012,0.05260000000000001,0.047261220855907636,0.019336521219366354,0.019595214474034322,0.05566666666666666,0.05622350513756436
1996-01-01,58.13756007965877,58.72211769281737,37.90845153187361,38.06504335566746,10.014264081222134,10.368925334721403,109.67797312278176,110.28411168636896,61.97351776245157,62.22385510376116,23.68595121927165,23.804944511672467,27.08343789294924,27.43462590512672,0.0493,0.047713754856071204,0.020015762784957092,0.019042810329466836,0.05533333333333334,0.055169146347267856
1996-04-01,58.9583439742554,59.12450460120283,38.31670688813126,38.33576650519707,10.410490884040533,10.525562272246992,110.42159584504729,110.69659624060938,62.27690323468448,62.59902417124652,23.8742376362041,23.85972290037736,27.22966293219117,27.53126559369931,0.050199999999999995,0.04811389615406764,0.02089031475923675,0.018519503246670208,0.055,0.054120952456145406
1996-07-01,59.317879634659626,59.53518046670295,38.47703284872809,38.61333782322911,10.75524876372707,10.684313608963647,111.02315177033614,111.09429409924898,62.64784708222576,62.996126464160824,23.885451678644216,23.91652013474656,27.318217572962507,27.6482095599867,0.05096666666666667,0.048450379951067525,0.02107045571670474,0.01802513921079469,0.05266666666666667,0.05308809718725516
1996-10-01,59.75384526883998,59.95260385829948,38.723612562959886,38.89756740556037,10.707722948987033,10.843962027634833,111.93627948013582,111.47157304497178,63.08030374171661,63.41457519917011,23.875681350429815,23.97557252141838,27.457870165877736,27.785096806154126,0.04976666666666667,0.048713245263145175,0.02352889436186123,0.017561045964185885,0.05333333333333333,0.05208030366837018
1997-01-01,59.85997831300358,60.375051132713004,38.89022654554938,39.1881729950297,10.89738491228323,11.003262126327195,112.37945717179257,111.82269166019606,63.382251752175364,63.85355875502042,23.816896521793584,24.037099627549424,27.53949376470027,27.941388525931544,0.0506,0.04889410378557214,0.02236379805519495,0.017130454572005592,0.052333333333333336,0.05110703163318818
1997-04-01,60.72514256695167,60.80062269660976,39.001090948206816,39.48475291029838,11.335626070794124,11.160809081146985,112.67980423437419,112.14214683460689,63.87811400303164,64.31204046565306,24.053548811981496,24.101260938382566,27.734498168075735,28.116360944451365,0.05046666666666667,0.048985225601997175,0.018116781555928663,0.01674032600466415,0.05,0.05017852395894744
1997-07-01,61.322504341341656,61.227036547240196,39.493965009861355,39.786702915558244,11.504847958139033,11.315054827201614,113.06543239198503,112.42474882682905,64.43715604548993,64.78866150321633,24.16248266536827,24.16807926171237,27.971693733247637,28.309046790135064,0.05046666666666667,0.04897994698120306,0.01646814524269602,0.016400892072248884,0.04866666666666667,0.0493057899614488
1997-10-01,61.674091288131514,61.65189846822383,39.847331275631205,40.09309060681523,11.570375053257994,11.464487448503416,113.27994154539496,112.66562863811542,65.00709005209193,65.28175176622084,24.196405058934058,24.23754829093958,28.2365174955314,28.518234529191858,0.0509,0.048872530092638,0.012761569200360867,0.01612324486956666,0.04666666666666667,0.04849972737901879
1998-01-01,62.153112481622784,62.072809169045215,40.10601872127752,40.40276734808118,12.003215050051686,11.607651721777913,113.717957477394,112.8603221390157,65.6085115169283,65.78936953359741,24.244974736509104,24.309658761255843,28.645710855461864,28.742482068931768,0.05053333333333334,0.048658166305553585,0.008384787599640786,0.015918518524655874,0.04633333333333333,0.047770834497924686
1998-04-01,62.57224260582199,62.48732062098753,40.68773486897039,40.71439154063805,11.829641057119373,11.743108782132746,114.03291704869356,113.00477385462656,66.28081266813939,66.30933880633978,24.277844826101326,24.384376014114814,29.040215144764215,28.980137329562773,0.04976666666666667,0.04833331415789353,0.007681037793550782,0.01579574611826166,0.044,0.047128463941488535
1998-07-01,63.182185321548154,62.89297521314698,41.055487332749166,41.026390448039,12.06428866464973,11.86962853854579,113.87069828213383,113.09550775284369,66.86443255969037,66.83929901187257,24.462021745594818,24.46162480433442,29.32492257677361,29.229442053687105,0.04823333333333333,0.0478956041669939,0.008143230053342387,0.01575925214930103,0.04533333333333333,0.04658106989480454
1998-10-01,64.00732564216199,63.287312922875714,41.516221902351255,41.337126144934174,12.375615590249874,11.98601544816514,114.93830842114636,113.12975123776891,67.47402943752276,67.37679415536539,24.553507273664305,24.541262296653542,29.912583799214467,29.48862135243303,0.04253333333333333,0.04734356269550876,0.007622684203083097,0.015808289423988053,0.044333333333333336,0.04613515125300346
1999-01-01,64.36478231421471,63.66800535659578,41.7307423128651,41.64493056857274,12.672761001649402,12.09118726665609,114.3362938595848,113.10529345759691,68.08617690998062,67.9193029824053,24.69686354797459,24.62314448603887,30.230767967643015,29.7559003844744,0.04406666666666667,0.04667592718682111,0.009545358127695636,0.015937350734726817,0.043,0.045796427075865134
1999-04-01,64.72898777566414,64.03313487941466,42.336153110581414,41.94820180633276,12.559164871891214,12.184308917139422,114.65504065308676,113.02113491602356,68.82469504336977,68.46428281898882,24.69827173057381,24.70713350728109,30.475949862377895,30.029707905080155,0.044533333333333334,0.04588842869096261,0.01345228180624769,0.016135812870658347,0.042666666666666665,0.04556949028696961
1999-07-01,65.3940204752823,64.38119488930366,42.76942166005592,42.2453498465834,12.784528417300177,12.264924428891275,115.05459336194328,112.87713631085012,69.49030542861276,69.0092142319341,24.811943760643505,24.79313622428303,30.73239324091048,30.3087135235111,0.04649999999999999,0.044975167470139805,0.01588753482874128,0.016389057625544278,0.042333333333333334,0.045457186042974516
1999-10-01,66.2704650124136,64.71110260637576,43.28953190429519,42.534990488162116,13.073781508613639,12.33284518306374,115.19215194771783,112.67426523685894,70.18728985765416,69.5517263196451,25.037356567765745,24.881052861193247,30.88954217309662,30.591817743011152,0.05043333333333334,0.04392939685196074,0.01936869289393539,0.01668078958623099,0.04066666666666666,0.0454605452357748
2000-01-01,65.59143705712238,65.02240847033417,43.40037943590863,42.81603955782941,12.79180633494719,12.38824483279372,114.13041062538333,112.41491927182344,70.15795337959179,70.08968038331147,24.93406755011884,24.970794252064078,30.734260448333373,30.878146227945987,0.055200000000000006,0.04274532318436462,0.025619834710743694,0.01699439988781685,0.04033333333333333,0.045578646349321864
2000-04-01,66.57913151444122,65.31564792680128,43.60708578905597,43.08786744259765,13.48631979502132,12.431796210242387,114.08188938946886,112.10311229996273,70.82320863086886,70.62127759534194,25.233041932835967,25.062368190399916,30.962610908414014,31.166979195798255,0.05713333333333334,0.04142121777559154,0.02468104072650279,0.017314959604967553,0.03933333333333334,0.04580757169346143
2000-07-01,66.4353390498691,65.59174379024562,43.91167900054734,43.3502064869269,13.263476494824399,12.464469338122816,113.71097340912706,111.74395259306856,71.63136455121379,71.14471442129823,25.131897716358605,25.155759583128926,31.04751856650582,31.457477117884448,0.06016666666666667,0.039963136106891374,0.025640315274757297,0.017632930709113117,0.04,0.04614012525740423
2000-10-01,66.63151478305718,65.85244138858816,44.17482816435015,43.60311990656112,13.199103620253135,12.487911725139616,112.93839846734312,111.34377020946647,72.36744702792949,71.65827029256002,25.22762075826516,25.25106034972993,31.24764389561387,31.74863808388702,0.06016666666666667,0.038386953731737596,0.02521031543873642,0.017943378972384523,0.039,0.0465650646313859
2001-01-01,66.24479502924542,66.10005702182838,44.25901225851564,43.84703569422098,12.472556767791223,12.504292752627677,112.62351217131972,110.91007024601497,73.09620290455047,72.1604930093162,25.038798358340284,25.3483489076775,31.78330255269249,32.03916054577295,0.04816666666666666,0.036721173410203506,0.0244881792977234,0.018246374782266286,0.042333333333333334,0.04706730982735623
2001-04-01,66.4615819026887,66.3374410535305,44.15879565564767,44.08276007413711,12.372006257779756,12.51624158462916,111.19201989136367,110.45126405799742,73.58621711956934,72.65034927318865,25.27131584703569,25.44769026500369,32.307556661115164,32.327375114652305,0.0366,0.035007910222946734,0.024399195302305277,0.018546530361534388,0.044,0.0476270526918704
2001-07-01,65.98437440040996,66.56758364867503,44.02065326778695,44.31138397584068,12.10920564697245,12.526384788580287,109.5115089765585,109.97670496072305,74.0166165733453,73.12738036303031,25.2877872371047,25.54895440867287,32.81032270322952,32.61139175520973,0.0317,0.0332964326839102,0.018354447475756874,0.01885235906078699,0.04833333333333333,0.048221526336174846
2001-10-01,65.95425047005078,66.79359915148149,44.46656909322486,44.534075621308524,11.446157855814612,12.537268754283728,107.90907428841246,109.49605791834865,74.3653870546915,73.59171854929171,25.477635342026733,25.65189787003483,33.35184473040808,32.88924670117484,0.01906666666666667,0.031637004363147495,0.013053988718775278,0.019176032146210227,0.055,0.04882569696358359
2002-01-01,66.33693545175119,67.01827785937812,44.40126990904033,44.75184764773033,11.766118294079936,12.55118337410194,106.75985710041527,109.01853603460142,74.584469128805,74.04407274865657,25.77787276291667,25.756107908474206,33.73944868989594,33.15904369873699,0.0172,0.03007889106028475,0.007625446595211471,0.019529409689249582,0.057,0.04941460065678384
2002-04-01,66.57756253883764,67.24391694027403,44.68864464654853,44.965693585124505,11.822151655226206,12.569714872295418,106.71463778254812,108.55220261102038,74.88042729677657,74.48566888558636,25.842658367247,25.861054873908998,33.804709589835305,33.41912789420759,0.01713333333333333,0.028663502113887823,0.01037644467444232,0.019920525484208383,0.05833333333333333,0.04996713243786057
2002-07-01,66.64389803197545,67.47241376319681,44.88092820754083,45.17640657599234,11.72936221497016,12.593954488685133,106.00784304853626,108.1035697454186,75.13745009951114,74.91811347672918,25.949245551581015,25.966214122601393,34.173479868248,33.668172934550874,0.016433333333333335,0.02742419755560986,0.015092638028673333,0.020349973348456195,0.05733333333333333,0.05046692820348827
2002-10-01,66.52005754430026,67.70527015613824,44.94007206716696,45.38462123211873,11.681784259018436,12.624524803054562,105.84195183009464,107.6778971543557,75.3589064658445,75.34330791480271,25.900712786502364,26.071040837361302,34.568509051395154,33.90507414791524,0.013333333333333332,0.026387131061616158,0.01940820871778559,0.02081238204885647,0.05866666666666667,0.05090285272590108
2003-01-01,66.39498065502193,67.94348428128183,44.962917629951804,45.59079827055671,11.647336036174964,12.661500265856832,104.55863633294291,107.27905804996604,75.25539231570471,75.76334161866568,26.070354699072066,26.17497075540487,34.71881445662195,34.129033870577615,0.011566666666666664,0.025571587017933085,0.02513759525825554,0.021299094517697795,0.05866666666666667,0.05126806228053932
2003-04-01,66.78142463164359,68.18731621487254,45.22705410820862,45.7951260761727,11.643372363885982,12.704349122320309,103.90991961795537,106.90973319907488,75.45818471608634,76.1803648374647,26.303600610538375,26.27732317463052,35.170428148640354,34.33967109644033,0.0104,0.024988691187006865,0.01860923238558021,0.021800576078936856,0.06133333333333333,0.05156056552655627
2003-07-01,67.6654337184335,68.43604424593894,45.75270698376576,45.997398573938476,11.959252643291558,12.751875015072356,103.7172009900231,106.57087428654485,75.62812511993283,76.5962557972232,26.662968053685415,26.377341194667256,35.561590767102274,34.536987526043106,0.009300000000000001,0.02464081625606417,0.020042070055788397,0.022309691119493165,0.06133333333333333,0.05178299525084657
2003-10-01,68.2161227773504,68.68804213788123,45.85578926147679,46.197046472219604,12.350227905146761,12.802171276035802,103.85182294526878,106.26155228057993,75.86315904582023,77.01247670170196,26.82815638453521,26.474273805279577,35.192723697446226,34.72152529953835,0.009166666666666667,0.024521216980339777,0.020300145651269252,0.02281730943647789,0.05833333333333333,0.051944092220184056
2004-01-01,68.57804447373826,68.94117179979865,46.29276978923978,46.39333694943439,12.38909133027931,12.852787893924972,104.27047642879685,105.9790727575376,76.42187834396711,77.42990662435345,26.83105923453336,26.56753919459677,35.20338009724954,34.89449556291275,0.009166666666666667,0.02461356010490844,0.02036549481183214,0.02331288356383738,0.057,0.052058566162644114
2004-04-01,68.91816223935855,69.19296533363394,46.354518823706634,46.585310225719596,12.87353239605396,12.900946597980221,104.08782054513075,105.71927332007705,76.78632823690032,77.84871231754215,26.94996338419526,26.656770499757187,35.566441775120396,35.05744561751499,0.010766666666666667,0.02489191578089886,0.026198396121812184,0.02378429280815224,0.05599999999999999,0.05214512008199787
2004-07-01,69.35227200422973,69.44068968012135,46.68458105288687,46.771929118252515,13.065698427823838,12.943531303745381,104.34542497621966,105.47697535659722,77.22829781824781,78.2684231371209,27.021846023952396,26.7417631970073,35.62211289834005,35.21215852871934,0.014866666666666665,0.025320699851040844,0.02448990047775812,0.024217574358033067,0.05433333333333334,0.052225545378164775
2004-10-01,69.82936579080861,69.68140026366176,47.09441750072339,46.95199673394488,13.322827425796937,12.977373375607089,104.59246628923431,105.24603392683217,77.69216170078742,78.68788253165214,27.109069743149874,26.82249605007807,35.69559119167286,35.360776642772976,0.020066666666666663,0.0258554998773678,0.02819378767987568,0.02460027421666148,0.05433333333333334,0.05232404275101302
2005-01-01,70.40868674581135,69.91205849204131,47.160879042593,47.1242462940747,13.710101194630226,12.999362338133635,104.59123972357858,105.01965435180374,78.2451802041671,79.10524794384416,27.26640839479467,26.899125280475626,35.512382059871776,35.50574118244692,0.025366666666666666,0.026445369651172928,0.026257873567580026,0.024920108591043943,0.053,0.052466130267882785
2005-04-01,70.55680732100576,70.1296833053658,47.507649452026946,47.28748672830352,13.52137663135817,13.006608371493778,104.82817771127615,104.79069354012299,78.87005045955563,79.51800560969433,27.207758073295473,26.97199043870273,35.40401118819343,35.64974637127765,0.028633333333333334,0.027035744942992733,0.025831092795939536,0.025167039634101426,0.051000000000000004,0.05267858180272821
2005-07-01,70.8745183175082,70.33157543151617,47.82307364621155,47.44053957917273,13.649370676383441,12.996692112888914,104.74893376936585,104.55180379353651,79.38679319534488,79.9230451637167,27.28128257924165,27.041666031450397,35.46698559958735,35.79553537297532,0.0336,0.02757138733399841,0.031843470650746886,0.02533186560186523,0.049666666666666665,0.05298850489808602
2005-10-01,71.02529530916266,70.51528319074443,47.73662066084156,47.58235672021823,14.100698679290826,12.96757810518225,105.06807123115058,104.2957299811534,79.90870187130253,80.31678607724287,27.222808575115963,27.1088815566801,35.524364196829524,35.9457411025742,0.038266666666666664,0.027998056898105105,0.0312387658208233,0.025405799783592812,0.049666666666666665,0.053421957982866225
2006-01-01,71.80158763058482,70.67868350246195,48.04748477709133,47.71212578861236,14.307033233383596,12.917724301118968,105.93686180159156,104.01541792135477,80.59789663917644,80.6952446987315,27.291281782893858,27.17452466151958,35.64729039590696,36.10283330421584,0.04393333333333334,0.028265281592144195,0.0306021839335453,0.0253841252216972,0.04733333333333333,0.05400292333708424
2006-04-01,71.77675918607969,70.81997044470286,48.157516275704786,47.829132269363555,14.139121165638805,12.84638129352527,105.86699119346115,103.7043830805833,81.27859627263548,81.05411550168385,27.213324993505076,27.239563559410417,35.61502432210357,36.26905971336383,0.04703333333333333,0.028329007254052428,0.03312921004286595,0.02526577056236469,0.04633333333333333,0.05475303618368284
2006-07-01,71.6538153655517,70.93804343568303,48.32187219520508,47.93287539331563,13.996946575470572,12.753739768565223,105.93074382155064,103.35742716007755,81.87066370673384,81.38897190631548,27.087186552236062,27.305049111105127,35.76925133747686,36.4464244247993,0.04906666666666666,0.028154972254104786,0.02944312509087399,0.02505292573847648,0.04633333333333334,0.05568976325185249
2006-10-01,72.04102761245075,71.03241343495704,48.374541538391135,48.02306706168117,13.728279057215214,12.640858058083765,106.09213788209276,102.97078742925369,82.4082261874353,81.69547933782529,27.14437970737846,27.37202584728538,36.124097409325245,36.636560718066036,0.04903333333333333,0.0277206051663758,0.019629999158542688,0.024752695332589076,0.044333333333333336,0.056825308956502125
2007-01-01,71.96228727031807,71.10305908587416,48.45595495747103,48.09967203156241,13.487160184424344,12.509598760938173,105.60462599423353,102.54238189102644,82.78360012635294,81.96957215922227,27.152782392237025,27.441411274036305,36.14671681209782,36.840713132649014,0.049833333333333334,0.027016404373947863,0.023630427763360773,0.024374927801854216,0.045,0.05816602994384162
2007-04-01,72.20161640719624,71.1506101312592,48.52206252827499,48.162886389733245,13.531920623267043,12.36249100728711,105.76829317203268,102.07212474152432,83.19438778941128,82.2076168859828,27.168567419628978,27.513988964540594,36.40307032956214,37.059838559729336,0.047366666666666675,0.026046188715007697,0.023341829174322815,0.023926269918314865,0.045,0.059710475375316346
2007-07-01,72.38936581879004,71.17625549536531,48.701801243399345,48.213141303750106,13.350317943678268,12.202610942929958,105.1586268241298,101.56186007879167,83.57160982655832,82.40649556903824,27.2985019773236,27.59036919857888,36.66061488013531,37.29448557841627,0.04303333333333334,0.024828037608341638,0.02177444033803333,0.02341290314148993,0.04666666666666667,0.06144896564365681
2007-10-01,72.61725260752908,71.18185925223212,49.03873335574902,48.25110474586039,13.040753699411312,12.033629235145233,104.5446388333765,101.01570055100701,83.89129757592305,82.56373237106376,27.452161675458054,27.670951674465247,36.7919383151834,37.54480977998796,0.0339,0.02339335577145581,0.03385914031737047,0.022840643655433316,0.048,0.06336262709448391
2008-01-01,72.34794145340183,71.17005584667774,49.216273818745016,48.27776097048962,12.611975017643699,11.859732421325166,104.24703490205253,100.43990853305466,84.43270064294592,82.67762123371575,27.33945352886493,27.755957710644164,37.37512268326669,37.81057813001485,0.020433333333333335,0.021784926231684466,0.03283993597906476,0.02221428360494678,0.05,0.06542334713655797
2008-04-01,72.59023534230572,71.14437985332495,49.464843581660034,48.29459364466976,12.405899254901277,11.685483614741633,103.3774505475415,99.84278906407425,84.58273617235007,82.74733973427611,27.563643168161235,27.84547480756957,37.73391134448806,38.09107982236081,0.016266666666666665,0.020052098669004686,0.03411565729113586,0.02154550169524578,0.05333333333333333,0.0675934115367052
2008-07-01,71.99281503752457,71.1090999430621,49.0892457544151,48.303676433773624,12.071648184215292,11.515633992646679,101.93453264113799,99.23478620242682,84.6415455210726,82.7732200796112,27.58098892843512,27.939329242395726,37.80327718157916,38.38531408636034,0.014933333333333331,0.01824337801783208,0.03926876468690965,0.020852617664279583,0.06,0.06982546646979147
2008-10-01,70.20292426486482,71.06937529012693,47.609963611720524,48.30781193704013,11.091187287554927,11.355086367418258,99.02826905689861,98.62824941889896,84.61052541199973,82.75679987365962,27.409240085528598,28.037168221442705,38.77829489419594,38.692028028942026,0.002966666666666667,0.016404903317580793,0.01239537482609987,0.020161807597244893,0.06866666666666667,0.07206324556180553
2009-01-01,69.37976267474554,71.03090372830289,47.187640791960504,48.31029306816732,9.686972959733627,11.20880518507921,96.3291506123383,98.03687596290033,84.56213327960565,82.70083565418265,27.584334504888393,28.138408237504258,40.05745757470409,39.009560375495774,0.0021333333333333334,0.014580744829737166,-0.002567640937471749,0.019510757671227556,0.08266666666666668,0.07424434152219252
2009-04-01,69.09517004066869,70.99882676294047,47.11089005313012,48.313974643527395,8.953974028817287,11.081357636018335,93.75074859430795,97.47428394796421,84.00037467030977,82.60927969133614,28.02524898112059,28.242058387552,40.51889652361207,39.33625186512926,0.0017333333333333335,0.012806573917880718,-0.008255945513000129,0.018932300042831453,0.09299999999999999,0.07630422419858808
2009-07-01,69.15171505187224,70.97723441054994,47.5695608488511,48.32100236460976,8.812936151320107,10.97615590289453,92.32975268666245,96.95272573837855,83.24533603108003,82.48726399656347,28.417685360245677,28.346761195002884,40.50338700439428,39.67104490919923,0.0015666666666666665,0.011110282313405717,-0.011959521619135272,0.018445467869530018,0.09633333333333333,0.07818362739184315
2009-10-01,69.70835079658777,70.96900983889826,47.602205851969174,48.33276192415166,9.509549514901286,10.895125097353695,92.07351315205308,96.48187392319174,82.4782830683674,82.34078801459886,28.791360083192746,28.451002014976456,40.47005878229783,40.013585881066234,0.0005666666666666667,0.0095128409723411,0.011815591173787166,0.01805230165532429,0.09933333333333333,0.07983371976268452
2010-01-01,69.97045726010097,70.97588558971135,47.873198445481975,48.35016789192017,9.658978946257616,10.83877662319095,92.3650615022312,96.06833606030901,82.04716658074993,82.17630498969307,28.89323949584238,28.55328851491452,40.32834357585009,40.364031710874464,0.0010666666666666667,0.008029256090936595,0.022635261564282638,0.017735838785784896,0.09833333333333334,0.08121701353805245
2010-04-01,70.4953598611698,70.99880848853248,48.03855699923235,48.373677458074276,10.112024377314926,10.806844776415502,92.8668720124304,95.71588963013971,81.58136320143312,82.00031813850757,29.065511262372514,28.652320318618745,40.45948579850698,40.7228324706423,0.0014666666666666667,0.0066689425065008905,0.020162201237970523,0.017475218702431506,0.09633333333333333,0.08230820820336887
2010-07-01,70.86067796436805,71.03810360640252,48.20613901709219,48.40345097469624,10.466494868339888,10.798449341358722,93.06724258244856,95.42601223157534,81.21524928084811,81.81920249234514,29.221196905486924,28.746992921906642,40.63199264714986,41.090430487919754,0.0015666666666666665,0.005436963437952495,0.015121940275066637,0.01725264298602035,0.09466666666666666,0.08309270094392773
2010-10-01,71.05140264178706,71.09379168572835,48.40713202689017,48.43944109596685,10.388619604401946,10.81241993081591,93.27654714315462,95.19847748650051,80.94760892961186,81.63901817857742,29.290915696942687,28.836447497732728,40.811329158069505,41.46711484136951,0.0013666666666666669,0.004335130681810023,0.013803851719915272,0.017051992581392377,0.095,0.08356465464822929
2011-01-01,70.8417540794106,71.16579357183139,48.72250837266053,48.481478940151746,10.179770501943842,10.847512503362152,93.38352268831078,95.03169097507406,80.8283937729371,81.46539523872248,29.19779542142934,28.920113421050438,41.10310808263271,41.852890512696774,0.0012666666666666668,0.00336283709911003,0.018386062965057404,0.016855816744194205,0.09033333333333333,0.08372546593335055
2011-04-01,71.18274420497853,71.2540143583381,48.8338618459598,48.52937706578121,10.511419560946997,10.90232251593649,94.13925553414106,94.92297418377059,80.55181952154662,81.30348454629419,29.220063835694134,28.997700735516485,41.65154286696893,42.247340263565654,0.00046666666666666666,0.0025176202608796112,0.02680558477363082,0.01664463464203402,0.09066666666666666,0.08358367850721334
2011-07-01,71.0019262880755,71.35816604311947,48.80134155888376,48.583099989219335,10.539972344717766,10.975090806317777,94.16519778104053,94.86873148036746,80.33755928577018,81.15800131566074,29.167797505350368,29.069094282228342,42.96911371974558,42.649547362593495,0.00023333333333333333,0.0017957076316255764,0.02958337937893707,0.016399921846408046,0.09,0.08315196599486445
2011-10-01,71.63232238450935,71.47792472769832,48.874790916252856,48.642804254917834,11.322510275929584,11.063846942173877,94.82967909811315,94.86498127794806,80.13661567051453,81.0331643431745,29.31826064417924,29.134321301339902,43.53590233508297,43.05817561525385,0.00013333333333333334,0.0011920448298583556,0.026408257384429534,0.01610950452264474,0.08633333333333333,0.0824474288889503
2012-01-01,71.63534830111672,71.61275028627924,48.85698371918613,48.70878570472805,11.447127872930965,11.166340440339228,94.74496120939605,94.9073860148832,79.66093267039844,80.93266571523694,29.39773112522387,29.193475497478413,43.68714083322106,43.47203790727912,0.0006666666666666666,0.0007006009901519428,0.02459846463766535,0.015769448497030394,0.08266666666666668,0.08149144770337052
2012-04-01,71.79721565706198,71.7622045067694,48.75218736664905,48.78148908523382,11.68125366353774,11.280445196875217,94.65979609550914,94.99165007763494,79.7212343814067,80.85963627066903,29.47357940712949,29.246770572950204,44.08687812346842,43.8902019039663,0.0008666666666666667,0.0003146835523950052,0.017069593909724068,0.015382256316389916,0.08199999999999999,0.08030783164230246
2012-07-01,71.72473060566077,71.92586818504581,48.60626800638146,48.861457087457005,11.620959374060165,11.404152806866657,94.9720826231118,95.11341999560241,79.81744650192309,80.81642112014087,29.36845579505137,29.294553345880402,44.563611661921406,44.31183432534229,0.0010333333333333334,2.757874752402422e-05,0.015327315465776481,0.014955948662636108,0.08033333333333333,0.07892112442177551
2012-10-01,71.63042033808927,72.10334810034793,48.707892244422275,48.9492204766141,11.508917563578297,11.535633452995484,95.2854501572871,95.26815920723404,79.89264610672166,80.8046753929483,29.25746106297799,29.33731801779591,45.235361052553294,44.73619361908654,0.0008666666666666667,-0.0001670822040780928,0.017662476598020893,0.014499600803677603,0.078,0.07735692736304267
2013-01-01,72.14172284608306,72.29412783320515,48.8695863940065,49.0451566367347,11.901082481640461,11.673116799899205,95.66106779979697,95.45124976928317,79.91988698163098,80.82546038040226,29.387538699632575,29.375610854694532,45.625539484835464,45.16266903560671,0.0008666666666666667,-0.0002750394854123073,0.01450676982591892,0.014022520111674996,0.07733333333333334,0.07564172441792659
2013-04-01,72.17713738411223,72.49739386325862,48.82232910041228,49.14949774141641,11.99555642323148,11.814732132406345,95.84218322681106,95.65807630205143,80.08529548263368,80.87930313203917,29.344595507543744,29.4099332121903,45.917696870402025,45.59094253583259,0.0005,-0.00030138718643536494,0.012584684216664366,0.01353599075616034,0.07533333333333334,0.07380240145864803
2013-07-01,72.61490077713918,72.71223327114097,48.863086742658666,49.26237137549032,12.388227298288541,11.958660736108515,95.99378173233443,95.884133992388,80.24829014068865,80.96620202392391,29.471280658664444,29.44079809723383,46.21616679650649,46.020977568297965,0.0003333333333333333,-0.00025050583075896237,0.013806226544743394,0.013051599562737097,0.07233333333333333,0.07186690161299986
2013-10-01,73.06845232630278,72.93752518364711,49.09431669990045,49.38370408313226,12.47114152473885,12.103107829647271,96.02902121196473,96.12500329922173,80.50208217265332,81.08569575230062,29.61553577862863,29.468681115776995,46.75845930184989,46.452944007118624,0.0006333333333333334,-0.00012627507500327396,0.011857956815171544,0.012580338790421537,0.06933333333333333,0.06986412484119665
2014-01-01,72.66279247801337,73.17207725482913,49.20594521568686,49.51317367292048,12.349081411578705,12.246461040542785,96.1946105633415,96.3762963486939,80.79476294550821,81.23690729146129,29.380811051688458,29.494079803696103,47.20871891376568,46.88714257888421,0.00046666666666666666,6.779032368908338e-05,0.012958442891712663,0.012133672340093687,0.06666666666666667,0.06782326262327817
2014-04-01,73.44142026507086,73.41476680533879,49.51199585096096,49.650275711169364,12.824400055484018,12.38726526484426,97.00158346434729,96.6335225900209,81.04143394270722,81.41862246263308,29.50333714771597,29.5175858700468,47.47855588329974,47.3240794306887,0.0003333333333333333,0.000328650363430703,0.0169724002177829,0.011722612623899042,0.062,0.06577317469459178
2014-07-01,74.15167848190505,73.66413660895036,49.81055639093722,49.794309497412016,13.086108474854083,12.524068949214298,97.53732988480436,96.8920304141866,81.37589300502815,81.62937165822699,29.63945463605726,29.539722343146007,47.7631649721731,47.76448365788585,0.0002666666666666667,0.0006535143400485395,0.015568137975620733,0.011358687535577856,0.06066666666666667,0.06374199791801194
2014-10-01,74.34420127071483,73.91872756200891,50.1445981032363,49.944481573388565,13.165473194816066,12.655639768474677,98.2810114017897,97.14734931560923,81.76352339461882,81.86746267532801,29.520913415930472,29.56100516091496,48.280905830173744,48.20920937079743,0.00023333333333333333,0.0010395944762257364,0.010503459596484355,0.011056706086116561,0.057,0.06175551092222899
2015-01-01,74.696272959648,74.17736675704057,50.11762237900704,50.10000093900965,13.572890817669808,12.781057258345703,98.35829928051515,97.39536600570455,82.0104557177135,82.13105016519772,29.614291612573137,29.582014185792946,49.06839991315919,48.65914091460652,0.0002666666666666667,0.001483861214849574,0.0013754446926448338,0.01083410819302662,0.05533333333333334,0.05983757025390122
2015-04-01,74.99044988617958,74.43913207620247,50.31204832984298,50.260193628360604,13.501328548641775,12.899699001213706,98.40811015590883,97.63263474666967,82.51465704500414,82.41822176381977,29.657449283114097,29.60330585233654,49.10291559613821,49.115240129651774,0.0002,0.0019827810855930243,0.001884092289635264,0.01070798799476347,0.05433333333333334,0.0580090602653605
2015-07-01,75.09950095295126,74.70341386405974,50.53461688401411,50.4243890067695,13.482679047939943,13.011426360856829,98.28171774633006,97.85628152007088,82.9582615310044,82.72698068764589,29.6696687629266,29.62545839762618,49.37859215520661,49.57876298445021,0.0004,0.0025320598715364443,0.001755754974638979,0.010689527965094824,0.051000000000000004,0.056288050160863384
2015-10-01,75.04583201956135,74.96993949147323,50.57303682406665,50.59194083537251,13.339532599211397,13.116487898106735,98.74389095193487,98.06389667139464,83.38049243246162,83.0553755969332,29.50571650404289,29.649085700358945,50.033303829436726,50.051003328012314,0.0012333333333333335,0.0031262891175816957,0.0023132678764199444,0.01078439564297269,0.050333333333333334,0.05469031181533393
2016-01-01,75.23036791479163,75.23868103089923,50.85420709091037,50.76226387520159,13.1745678634492,13.215450915882307,98.66536934295391,98.25332452935707,83.68728771664786,83.40158112884548,29.55555234130778,29.674831418951563,51.048763396407956,50.533174631640215,0.0028666666666666667,0.0037587278312109307,0.007322186535025699,0.010992674959230037,0.048999999999999995,0.053228312072345664
2016-04-01,75.29285607067105,75.50965783347316,50.96240622307909,50.93475325142872,13.0629109732274,13.309054377875688,98.68383528541854,98.42282808393402,84.02237777268607,83.76395474664272,29.535166367803434,29.70325182279222,51.395676995041235,51.026523791588005,0.0025666666666666667,0.004421451922541145,0.008683410062479524,0.011309155389845735,0.04933333333333333,0.051911794663920825
2016-07-01,75.62539787478003,75.78288422474587,51.22565171565986,51.1088536971398,13.055751743938165,13.398043526741366,98.90212101931701,98.57092840509995,84.29314435821279,84.14101176808889,29.589698601636243,29.734831072989426,51.90137106580009,51.53267126104799,0.0029666666666666665,0.0051059797634614955,0.009542356377799432,0.011726332355533527,0.048999999999999995,0.050747860627036415
2016-10-01,75.84214711366448,76.05823798268096,51.339092316159366,51.284019710321544,13.353070103850149,13.483034773381718,98.72604910753915,98.69631505358913,84.5516607916094,84.53140836536977,29.67707052825724,29.76995068091673,52.33053253221082,52.053534455131846,0.0043,0.005802670485076216,0.014945122576674574,0.012235060186177553,0.04766666666666666,0.04974199946033783
2017-01-01,76.29741509211681,76.33549577541523,51.83019910444749,51.45977166319116,13.30885866439758,13.564447201649427,99.18345297328462,98.79789370873802,85.19831481720541,84.93387515691431,29.68638250917834,29.808903935551083,52.89179175298337,52.59134121995865,0.0059,0.006500546147804043,0.020361295084992515,0.01282482822667587,0.04566666666666666,0.048898608249578576
2017-04-01,76.56657442341279,76.61429468530861,51.94888743495607,51.63565794121926,13.522065293611007,13.642632460112084,99.60635382461635,98.87460127660924,85.54045710015978,85.34713378009896,29.66718861518366,29.851928704419517,53.27984972072809,53.14858708296025,0.0089,0.007187689643010539,0.01596422058538871,0.013486819610920596,0.04366666666666667,0.04822078699751608
2017-07-01,76.99326925904204,76.89424241811517,52.09777164661322,51.8114530078394,13.68470612689094,13.71779127902691,99.60376177548905,98.92563070425189,85.90310748016886,85.77004915971183,29.78888341777192,29.899188783387487,53.45029357686804,53.72806503297544,0.010366666666666668,0.007851808520718892,0.016041260558804504,0.014216927764590295,0.04333333333333333,0.04770961574341848
2017-10-01,77.68343880392909,77.1749108142958,52.5385440384852,51.9871247946286,13.858064460212438,13.790055729780367,100.0,98.95064902598376,86.29446734589393,86.20158647855466,29.93079210415561,29.950734450459592,53.5941132536781,54.33277556463805,0.012066666666666668,0.008481680524925405,0.01747400123298326,0.01501259448897257,0.04166666666666667,0.047363328201347116
2018-01-01,78.0118349639734,77.45592771826917,52.74740629377812,52.16282052101122,13.990305948430525,13.85954277386622,100.19228420686723,98.94976583051718,86.57704086095636,86.64077440532826,29.98548350014272,30.006548710116,53.44235842466444,54.96568003040051,0.015599999999999998,0.009067655185967598,0.018648768136328764,0.015872401793351407,0.04033333333333333,0.047177422908856986
2018-04-01,78.26773264576326,77.73723464523584,52.82759505000047,52.339034589678946,13.929088156560725,13.92641726805111,100.4810575111343,98.92376331991619,87.04433627395457,87.08668044771906,29.9710973901303,30.066603596725994,53.43545257388523,55.62940758027943,0.0184,0.00960232265052158,0.021940555934378825,0.016796470066225793,0.03933333333333334,0.047143837990043944
2018-07-01,78.56976830119496,78.01912101106689,52.89503403030972,52.51663390635654,14.312251402109213,13.990931770918824,100.68178092035278,98.87421355288731,87.44943529809483,87.53831242867395,29.998963033418736,30.130859320040663,53.601201534649576,56.32573195068702,0.020399999999999995,0.01008235578077223,0.021763459770574478,0.017786654925059084,0.03766666666666667,0.047250234013019136
2018-10-01,78.48705665657575,78.3022132947276,52.90236479299425,52.696803162610735,14.265794263147738,14.053347231920112,100.7522564419915,98.80366760504775,87.92724348307442,87.99463044376232,29.896684350418653,30.19921726461254,53.63679013903793,57.0550873679238,0.02316666666666667,0.010509925987247851,0.0195279907823116,0.018848027040982224,0.03833333333333334,0.04747938998048326
2019-01-01,79.07305970255727,78.58749250919705,52.99924675276098,52.880980676590845,14.422979125732605,14.11413119783579,100.90519216059239,98.71580160434273,88.70238198390997,88.45451626379858,29.997924844102485,30.27149638962089,54.25139417484657,57.8161424020762,0.023866666666666668,0.010893653208113769,0.014509765239692385,0.0199881425881546,0.03866666666666667,0.04780809516554553
2019-04-01,79.58736847102647,78.87607018011082,53.37577033811192,53.07075435461837,14.520500440809457,14.17389340314812,101.03651771750826,98.61549297919188,89.21981458493894,88.91678522845552,30.106172502005005,30.347324276223514,54.52421267303644,58.60522918657603,0.023000000000000003,0.011250067844459949,0.014855954156527185,0.021214982718073927,0.036333333333333336,0.048207422555910706
2019-07-01,80.34260161556446,79.16937895686897,53.82132069213286,53.26781013249489,14.574533348845307,14.233447154874836,101.10241967589056,98.50895623570459,89.71150583373877,89.38038385825196,30.320602976862148,30.426153216151867,55.26998685923002,59.41610622861478,0.019799999999999998,0.011603808430787954,0.013896766874645472,0.022533104596395143,0.036000000000000004,0.04864273174647175
2019-10-01,80.70874528914918,79.46931887206136,54.09613790024979,53.474052192547056,14.27952569414298,14.293835530854345,100.63886699570293,98.40387315700482,90.19442116806458,89.84442758018952,30.492552522793655,30.50727844895908,56.167942380572455,60.23945255284392,0.01576666666666667,0.01198685720919656,0.014039087313185705,0.023943090995922213,0.036000000000000004,0.0490719610263575
2020-01-01,79.76430526931333,79.77855281976225,53.18453764437535,53.69176399118739,13.963276259216343,14.356331891994671,99.3011516632365,98.30948992583055,90.92556280999044,90.30822224396988,30.313215274062433,30.589921683398927,57.30186019285833,61.062653167006104,0.0111,0.012436319041515294,0.015498147806049412,0.025440126978383017,0.03833333333333334,0.04944514697735527
2020-04-01,73.36321487531868,80.10056141973094,48.49627068394269,53.92366071416752,12.020640021907372,14.422223263589336,85.57605099766705,98.23639842434811,91.2710236134851,90.7712802607469,30.670204837502578,30.673287097549334,64.93996901432011,61.869694103424436,0.0014333333333333333,0.012991661170484597,0.005714230464293202,0.027013207603203734,0.13,0.04970415620561093
2020-07-01,78.90343667124252,80.438875855822,52.63712270771523,54.17219057656475,14.217906524595692,14.492570197946668,92.44940663154195,98.19578525568384,91.08879312129159,91.23349302897473,31.392745989176834,30.756395528999526,66.96199363402856,62.64125880189821,0.0011333333333333334,0.013691515639443966,0.01118881118881121,0.028645114192827843,0.088,0.049783910433742855
2020-10-01,79.63777022435328,80.79265632195731,53.182126579805114,54.43624823537258,14.65557640417639,14.566798163021376,94.27516969394163,98.19037696965562,91.4567199246515,91.69506502406689,31.240585590835366,30.83825526295799,68.34272809676956,63.3590861704423,0.0009333333333333333,0.01456729053683468,0.012355523956842251,0.030305316208987,0.06766666666666667,0.0496695162867409
2021-01-01,80.79763368796655,81.16007653160625,54.34583104393572,54.71373368953159,14.45956654297715,14.644147985896335,95.29316663161785,98.21923365344094,92.16034203120277,92.1561140566222,31.39076305517199,30.918259920949648,69.7989952460438,64.00694070249205,0.0005,0.015642545087156692,0.020316913207908405,0.031952372924035334,0.06233333333333333,0.049369965445573795
2021-04-01,82.08083894007363,81.53854750086653,56.15817313777424,55.00170981377073,14.189419526837215,14.723901558762877,96.93026255958982,98.27895142154043,92.63267547265147,92.61661019898865,31.481796881256106,30.996048343787475,71.32106922126518,64.57127181717448,0.0002666666666666667,0.01693231729165778,0.0400607592989608,0.03353362499016938,0.059333333333333335,0.04890549781019772
2021-07-01,82.63208960543547,81.92520508963808,56.44035352633052,55.296948087781956,14.66165110269895,14.805208297725917,98.16155282923972,98.36429006316953,92.98412674395463,93.07652611437845,31.392617472558275,31.07155086404099,71.68822884262808,65.04195677654855,0.00046666666666666666,0.018442181060906233,0.04597701149425304,0.03498914089726309,0.050666666666666665,0.04830445538549871
2021-10-01,83.91858152271404,82.31747259306958,56.867703954238955,55.59687473045946,15.632450063027138,14.886854837566887,99.45975920278953,98.4691636508326,93.43776402975867,93.53584458359364,31.556459452896537,31.145000490320143,72.0696621826372,65.4130971879811,0.0005333333333333334,0.020167294273829725,0.058034146665527864,0.036263068594133425,0.042,0.047601697573564763
2022-01-01,83.2922494506878,82.71316794747473,56.56866956929727,55.899574971827334,15.880707571145441,14.967509741509769,99.7018685306231,98.58734737514833,93.80020217087068,93.99449021933093,31.229133064389874,31.216833605111095,71.46387788780648,65.68314825276697,0.003066666666666667,0.02209158011285952,0.06582713222667436,0.03730642344872045,0.03833333333333334,0.0468335601585346
2022-04-01,83.3057818218252,83.11106735092588,56.71524437292623,56.20388576775591,15.49910391989989,15.046272543160832,100.31193913616112,98.71321132375586,94.54576465488665,94.45232474609011,31.024515771492634,31.28774770013238,69.88359516581698,65.85502595374861,0.010766666666666667,0.024186690534839083,0.06908600162685796,0.03808382775275886,0.036333333333333336,0.04603287786356347
2022-07-01,83.75065897836045,83.51028727887736,56.900951579242054,56.50903865577106,15.303360950224292,15.122784639879319,100.77235593300725,98.8417940824934,95.12550714611898,94.90908500348368,31.031028620088414,31.35845455663181,68.65687578169299,65.93561845510496,0.026633333333333335,0.026412386925708,0.06685513656468012,0.038577729240969576,0.035333333333333335,0.04522717277004086
2022-10-01,84.16577013600484,83.91004978964823,56.9416278961324,56.814569978499385,15.528764321590813,15.196963403136527,100.81766297927521,98.96910278314814,95.62983346754312,95.36456227688974,31.118080969343016,31.42950650221892,67.07320313328736,65.93469956156717,0.0404,0.02872004315648823,0.06002655089519582,0.038789952006744795,0.035666666666666666,0.04443790474402485
2023-01-01,84.32253679039822,84.30971349716835,57.276872336100894,57.12025285743235,15.131211224626083,15.26883966533532,100.71734650510693,99.0923220587213,95.84504246570074,95.8186809238171,31.17168702780905,31.501254231207433,65.33733082555214,65.86403598368763,0.04626666666666667,0.03106117118970652,0.05041291753975119,0.03873999352305405,0.035333333333333335,0.04368035000192558
2023-04-01,84.69120556662166,84.70878607194621,57.50600738469905,57.42593589295203,15.261773896154565,15.338653663006998,100.28522351421299,99.20977039027795,96.28498420986838,96.27153171555284,31.345312499003228,31.573855140506698,63.898920365600326,65.73629561116184,0.05073333333333333,0.0333945829609168,0.03918449220979081,0.03846062413717217,0.035333333333333335,0.042964302736354855
2023-07-01,85.47837957509037,85.10677428967317,57.73239293241959,57.73156349327997,15.49366924334046,15.406564374862995,100.12521105088734,99.32076893301593,96.71056071875422,96.72322447357683,31.620663441095285,31.647260072782586,63.16605269552013,65.56389299951748,0.0529,0.035688593840346096,0.03430324996153389,0.037991909773884384,0.03666666666666667,0.042294340254506596
2023-10-01,86.00489430728318,85.50316505082444,58.06513916612637,58.03712971116945,15.616142324051992,15.472686288319338,99.87662144786829,99.42530706889639,97.17576678419633,97.17388022466776,31.81340676907497,31.72127540109073,62.617621683972374,65.35806740201721,0.05283333333333333,0.03792235591720422,0.028516788518819336,0.03737436877552132,0.038000000000000006,0.04167027050769782
2024-01-01,86.22009031126592,85.89767024780602,58.39625615438281,58.34262929190862,15.482254886935978,15.537191720710197,99.84329731381705,99.52387726328524,97.91490275978501,97.62361487050411,31.81543761228047,31.7956889806918,62.60472081605536,65.12846845350435,0.052333333333333336,0.04008577840955078,0.027776846481375905,0.03664621407203087,0.03833333333333334,0.041088384151253134
2024-04-01,86.80882210940908,86.29031278758431,58.83969444084765,58.648074847811266,15.755749134195383,15.600346798594687,99.88055021192946,99.61725712893417,98.3591675026161,98.07254820787416,31.97421327679762,31.870344437001435,62.54045930700365,64.88291130946436,0.05243333333333333,0.04217808989633046,0.02678259422580931,0.035840122605700506,0.04,0.040542677921429855
2024-07-01,87.32649833429613,86.6813197960227,59.27811619528664,58.95351339426743,15.77247492448693,15.66238804741826,99.83667412273753,99.70642784576722,98.83069612856488,98.52098620532837,32.12026578568876,31.945096315407067,62.6880725028494,64.62751666322217,0.04989999999999999,0.044206173678315336,0.024223340688766193,0.034983227964073535,0.04166666666666667,0.0400254266477241
2024-10-01,87.53154436383423,87.07124930926001,59.72738133029146,59.259114012999326,15.442524578054675,15.72365371531874,99.82163432699441,99.79253941395406,99.29253778758847,98.96942138820516,32.146340410964896,32.01986290853685,62.79527011279801,64.36683895599812,0.044,0.046183322583425564,0.025973705428397498,0.03409700277945585,0.041333333333333326,0.039528565985931095
2025-01-01,86.30411013490077,87.46107539153843,59.04976134525302,59.56525395360306,15.961736033590507,15.784556809153939,98.87924128248032,99.87682769837623,98.63915572726481,99.41855061641941,31.965365734697514,32.09467143847473,62.00588863878176,64.10414239755568,0.0421,0.04812638808103235,0.025582684999429173,0.03319619475460629,0.04100000000000001,0.03904505736685793
2025-04-01,86.94907119334566,87.85207945886233,59.29544134825799,59.872612967806674,15.283481502670975,15.84533825994641,98.94805351441617,99.96055113593776,99.18212274001017,99.8692870572911,32.1279002763897,32.16962864763377,62.47272810219814,63.84165307687269,0.042300000000000004,0.05005085706389225,0.024430957223541272,0.03229047453143929,0.04166666666666667,0.038568990200903826
