date,gdp,gdp_trend,gdp_cycle,consumption,consumption_trend,consumption_cycle,investment,investment_trend,investment_cycle,hours,hours_trend,hours_cycle,capital,capital_trend,capital_cycle,tfp,tfp_trend,tfp_cycle
1948-01-01,21.810292167733035,21.337429877071457,0.02191917442367286,13.98297257189685,13.873798432919868,0.007838288071352117,3.8740184498548764,3.6840596626675777,0.05027701411537966,105.4146402156164,102.59139567301447,0.027147461553912677,22.877565858912746,22.809172812115236,0.002994002193059231,12.923086310020219,12.934163574411626,-0.0008568014865137918
1948-04-01,22.12210661136212,21.56814639371876,0.025359885465085608,14.133728182486587,13.973181582304486,0.011424119378945274,4.085374819363765,3.7110065170849778,0.0961103409186983,105.14005455197241,102.73924453178356,0.02309914243423883,23.041384326340268,22.95831031147357,0.0036119415938267174,13.097335575510469,13.023982393010959,0.005616360966615996
1948-07-01,22.17750899455642,21.801656262174752,0.017092724745592314,14.065444607673797,14.07334559411157,-0.0005615725899197344,4.171528468739254,3.7382679390543565,0.10966012166329175,105.53893095355768,102.88905218243944,0.025428654230035264,23.22774295401372,23.108466186268387,0.005148329283459319,13.060982954114067,13.11505934290667,-0.004131752623933949
1948-10-01,22.166858736413992,22.038647377031296,0.005800712633442728,14.067700224894136,14.174467696168502,-0.007560891232168743,4.058671616298253,3.7661925201071793,0.07479118246293859,104.40074563036966,103.04406252660121,0.013080129203052238,23.46646887111656,23.259743693501534,0.008848417838890121,13.100078695292101,13.20755942284525,-0.00817111175729579
1949-01-01,21.826303835546707,22.28007455371185,-0.020576920868748072,14.033054580682967,14.276725076335769,-0.017215006005121936,3.4235285363463603,3.7953994327009517,-0.10311790269281573,102.47800500085647,103.20917978318401,-0.007109610284731005,23.669299213233185,23.412323993255793,0.010916266447041245,13.016348795961425,13.301617781019527,-0.02167949846633599
1949-04-01,21.69903525189325,22.52701488368693,-0.03744744936998101,14.269731987570871,14.380231921873298,-0.007713830465961191,2.898072004760857,3.8267063978837634,-0.2779587949385187,100.54328883679824,103.39018688074503,-0.027921683674998476,23.686795238843366,23.5665231744912,0.005090534511161149,13.098377813958521,13.39730483279812,-0.022565163302516567
1949-07-01,21.861227772579902,22.780298829965115,-0.04118142958648985,14.244097289855372,14.48494968737266,-0.01676756215934505,3.168283430910599,3.8607109739339465,-0.19766141987604469,99.18481013420636,103.59245249787266,-0.04347959591529449,23.564696175926727,23.72282733307571,-0.006688095922832371,13.337589508432966,13.494509991741234,-0.011696607813767468
1949-10-01,21.61586348130102,23.04025331708243,-0.06381536486627848,14.397077071545068,14.590768128822358,-0.01336380393625669,2.9926916860379293,3.89735794740996,-0.2641256622978039,98.4759712483282,103.81958604496705,-0.052842071452567474,23.512020597986037,23.881811265724785,-0.015605329117554412,13.259899402619535,13.592927521539636,-0.024805224096413614
1950-01-01,22.400686630644078,23.306618311001895,-0.039645756375285224,14.590901186767045,14.697419518605894,-0.00727380736859029,3.729007432649096,3.9361067501790075,-0.05405000591440934,98.95801644987026,104.07241562250873,-0.05039127697187151,23.416457753098495,24.043964521781607,-0.02644491169182661,13.717329613505507,13.69214238787302,0.001837848807942688
1950-04-01,23.02070546356509,23.57817882081063,-0.02392760955954021,14.809427221382595,14.804504426078344,0.0003324648282569953,4.145475835001643,3.9757404971307095,0.0418065600020705,101.12760133900083,104.34834826296232,-0.03135170553822508,23.51223566949716,24.209553711189255,-0.029226384273740802,13.87983318764615,13.791513369683186,0.006383507047118098
1950-07-01,23.858098444474873,23.853069084634463,0.00021082526877869157,15.523678265697344,14.911543863808593,0.040230819387125916,4.540156191510225,4.0148574175357705,0.12295958055406953,104.08237509705731,104.64148259874305,-0.005357402312683668,23.721902842425447,24.3784497490488,-0.027300743110981074,14.07414816399089,13.89039649515378,0.013141949259525276
1950-10-01,24.376963767690313,24.128972708058395,0.010225272962311571,15.081724890088067,15.018048197975453,0.004231047650760988,5.214595562438833,4.052106532582248,0.25222465530240035,105.31228478537749,104.94380357417005,0.0035050741344200276,24.135827623361944,24.550071277040974,-0.017017397636062803,14.184703823863313,13.988185430049583,0.013951113033172202
1951-01-01,24.77730304435102,24.40346833380014,0.015202767269912876,15.427337017855782,15.123894488376239,0.019865157198172945,4.7624041226496345,4.0864038559112235,0.15308727807129507,107.37904288982591,105.2468542043447,0.020056448333525267,24.71197888597119,24.723398288409385,-0.0004619931431300017,14.119603689385933,14.084373275118876,0.0024982599180982668
1951-04-01,25.251301662562902,24.674184501822463,0.023120170183387412,15.039821748173347,15.22899725702167,-0.01249985815279464,4.944951785662111,4.117285206771674,0.18317319913209373,108.43093547614993,105.54231125837852,0.027001503815965222,25.13239394748661,24.897116648355283,0.009405610041765655,14.214648935016296,14.178564210273798,0.0025417865872028322
1951-07-01,25.761964774057784,24.938888456510295,0.03247080005822456,15.221469552003594,15.333459751763487,-0.007330450686603207,4.544167618597481,4.144679382668546,0.09201913342005064,107.35525517265113,105.82308590525508,0.01437477787637409,25.531218849429166,25.069867788013585,0.018235333520498553,14.516188233548956,14.27037600791211,0.017078675902111318
1951-10-01,25.768229078243177,25.195627906939137,0.022471818308582137,15.307794391190567,15.437268158233637,-0.008422460173331814,4.129827189501972,4.1690015632013315,-0.009441010495022661,107.19956829154545,106.08380971026642,0.010462782146491989,25.775196690991898,25.240404282003293,0.020966605893467438,14.485123579909677,14.359441715260498,0.008714477666138531
1952-01-01,26.014581574713382,25.44290391455671,0.022220331069537025,15.39741933017935,15.540337733168803,-0.009239158439702244,4.202878261634257,4.190926908808984,0.0028476622125235274,107.7712212884554,106.32002753630681,0.013556985505132957,25.928962403960384,25.407735892186796,0.020306893137316262,14.542833279466446,14.445542243471722,0.006712442456117351
1952-04-01,26.03485276646433,25.679541076714195,0.013741523565754754,15.654804634978284,15.642499788716881,0.0007863199161710632,3.822262238688407,4.21112610932137,-0.09688763991346971,107.1713934183086,106.52795779147824,0.006021895411543632,26.08914068389913,25.571183921067977,0.020053072591148968,14.575609890799203,14.528535544275417,0.003234892271940737
1952-07-01,26.138407904999646,25.904704833317417,0.008981193871522297,15.607153286954311,15.743491034568253,-0.008697659014738512,4.067543194943935,4.230293824819256,-0.03923227319195566,107.60179915143118,106.7047155634997,0.008372016397948379,26.101026042051394,25.730382425042936,0.01430213632668842,14.593184834661258,14.608340914561113,-0.001038033518585113
1952-10-01,26.90560331593198,26.117782391654565,0.029718166598480256,16.085624158215165,15.843050076881392,0.015195040473154009,4.291266106634667,4.248881702731952,0.00992599960645335,110.08013058951676,106.84782592849943,0.02980292588982536,26.167848460899236,25.885284980270853,0.010856839442518584,14.787573705850209,14.684908935464385,0.0069668501896011925
1953-01-01,27.156952463733493,26.31831616844367,0.03136796056283897,16.184418136668018,15.940823384030848,0.015165608717631507,4.31614815137687,4.267245332570246,0.011394875007975314,110.20026230059798,106.95539160734226,0.029887430270574278,26.13829293634448,26.036081086059454,0.0039180913219718505,14.921040115159549,14.758182916876498,0.010974602176955894
1953-04-01,27.306039680631738,26.50635474902525,0.02972340535079887,16.23798657814052,16.036602407814883,0.012479587829252736,4.329595365303908,4.2857732584097405,0.010173095718481795,110.16255187906525,107.02753613268527,0.028870870969559093,26.298187144676803,26.183146347393418,0.00438407235054683,14.974295270334052,14.828172904831607,0.009806136563775159
1953-07-01,27.092891459877833,26.682498115072484,0.01526353656023094,16.18393893173015,16.130328147751587,0.0033180906151053513,4.255049036962339,4.304891486298481,-0.01164564461785389,108.84131134822101,107.06641894566089,0.016441582552021217,26.455376733122247,26.32693281399766,0.004866940221649685,14.943190340403005,14.894994509595104,0.003230482883899821
1953-10-01,26.59289887633307,26.847885173907382,-0.009542832768803855,16.061154604916844,16.22206850688248,-0.009968969581891862,3.889065911789767,4.3250612314051,-0.10625729454224375,106.77996264610306,107.07616726346119,-0.00277013155430339,26.55675969510406,26.46797784977188,0.0033486984531339026,14.830980276012784,14.95886008389757,-0.00858551719997891
1954-01-01,26.373955228308585,27.003960855080916,-0.0236065747666947,16.094515480303823,16.311928441562355,-0.013418085846331529,3.8134078902169986,4.34672113753307,-0.13089855067017742,104.97999336828903,107.06203618989694,-0.01963865127858533,26.56120578782899,26.606913496671595,-0.0017193656919927136,14.871442257622414,15.020018568222001,-0.009941135701974968
1954-04-01,26.330367992766455,27.152057340782157,-0.030729870744873544,16.22185685305707,16.399914577147342,-0.01091660474433942,3.781178891671023,4.3700293767804474,-0.14473389434859318,103.90363041197688,107.02911132862363,-0.029637027050075204,26.564873729931417,26.744442654381135,-0.006736893878374506,14.945933528147712,15.078644275483379,-0.008840198351588668
1954-07-01,26.56205130082671,27.293144954510094,-0.027152015754702497,16.3248233069969,16.485896844654853,-0.009818427080483083,4.006155375658707,4.394789251445825,-0.09258755587040013,103.24758055546461,106.98117084651925,-0.03552304689002295,26.56890821908022,26.881254920546333,-0.011687532408363399,15.138843187191686,15.13482208984006,0.0002656498536581786
1954-10-01,26.9965363073954,27.427696201587686,-0.015844740282405123,16.552662703669096,16.569630838296266,-0.0010245749491977207,4.196635186412071,4.420400773354979,-0.05194730657590818,104.19594856638565,106.92001316491607,-0.025807767156675432,26.610381541788364,27.017940844421,-0.015199697884654029,15.286952703292297,15.188555929393237,0.00645745519808294
1955-01-01,27.67922920961338,27.555732488790166,0.0044716941159355095,16.845697648692564,16.650766613929104,0.011639033528554776,4.603589208587485,4.4459930368200355,0.034833012611296565,105.53509742622018,106.84506581481361,-0.01233622746509333,26.697688264798657,27.15490492033274,-0.016980710296938373,15.52615860697223,15.239853897896825,0.018612290043027446
1955-04-01,28.027267326601944,27.6770081346255,0.012575832114634977,17.052183801429774,16.7289385618074,0.019138209936792272,4.832956946177377,4.470529791790486,0.0779515612657693,106.52510822832859,106.75404124066736,-0.0021467930722041118,26.86905447882696,27.292300683304497,-0.0156294028831101,15.591303779812584,15.28878746114593,0.01959359475145961
1955-07-01,28.315908466123595,27.79135740945855,0.01869869551161374,17.15529892219018,16.803898724628482,0.02069617451579031,4.919632491480752,4.493050402596486,0.09070198280839925,107.29860756842118,106.64384415356255,0.006120949384929908,27.104807896006033,27.42999368321805,-0.011925949375577893,15.630106189445684,15.335608852440364,0.019021438130455426
1955-10-01,28.407734484513707,27.898837836793444,0.018076415728558448,17.199569990407568,16.87559914616562,0.01901564186291882,5.1267442817699935,4.5127973002967225,0.12755360957075457,108.29159716419741,106.51125860764989,0.016576868297331515,27.36577308151937,27.5675774659654,-0.0073472777560161795,15.534994569836616,15.380762981180503,0.009977621794761138
1956-01-01,28.220378205494058,27.99984158981093,0.007845495719765339,17.080366806432522,16.94421290145516,0.008003310130542118,5.025037805062015,4.529261332399389,0.10387411239374589,108.66053777952985,106.35350464892282,0.021460195287274608,27.670538155481548,27.704430981092276,-0.0012241209474779247,15.33888413000807,15.424884251643897,-0.0055910150274938175
1956-04-01,28.376747236050836,28.095089835960266,0.009975228369440536,17.10417808223244,17.010120514908465,0.005514274631314819,4.9002871507827965,4.542295124603716,0.07586138723246183,108.5938062340248,106.1689358323323,0.022582813304892646,27.937540789975248,27.83979324083896,0.003504923671940219,15.378262368266153,15.468711287038573,-0.005864379371645079
1956-07-01,28.267579444791195,28.185456605875704,0.0029094235700930504,17.045778123769235,17.07379586435157,-0.0016423268877643338,4.903507916615075,4.5520531733489245,0.07437247225998966,107.83624468951652,105.95735851526757,0.017577088556043563,28.158734169254565,27.972867550269946,0.006622554589762686,15.346549237699328,15.51293706170652,-0.010783681542570811
1956-10-01,28.650559482154573,28.272007074528734,0.013300805334775845,17.262960271566605,17.13578047437555,0.007394478630942558,4.800054317612522,4.55891506059776,0.05154256410902369,108.12655049954722,105.72009431164292,0.022507323204801644,28.37509140838185,28.10290458856005,0.009638760098432009,15.48577119492413,15.55820548912101,-0.0046665687442919435
1957-01-01,28.759696535608544,28.355873510495574,0.014140793968137277,17.257140265371927,17.19660706907897,0.003513885325211241,4.758479396311416,4.563480968345735,0.04184246009174908,107.9489210876277,105.45963222748917,0.0233299155757134,28.56540391236314,28.22925956122312,0.011837319060520102,15.525016574794819,15.6050629193978,-0.005142712278429773
1957-04-01,28.613759057955363,28.438439449419285,0.006145956334080438,17.226510447653244,17.256896268366717,-0.0017623449346646503,4.722656907850491,4.566504802341739,0.03362344663682837,107.40664601921952,105.17993430718653,0.020949517572673493,28.729642874736932,28.351449069330553,0.0132513000942871,15.465817708185524,15.654016901890301,-0.012095275598445365
1957-07-01,28.794556006802846,28.521357232581074,0.009533158518412854,17.340149006161383,17.317315698777183,0.0013176561460701564,4.764502448484287,4.56886416726465,0.041928480772882804,106.52299916439291,104.88646371161919,0.015482449281364552,28.863822080461293,28.469194657469536,0.013766366316391832,15.621838500401076,15.705531411437839,-0.00534313032884004
1957-10-01,28.38767914984099,28.606408513894046,-0.007675548354948436,17.3583881266658,17.378523276173265,-0.0011592943039198111,4.247116364265249,4.571535270742823,-0.07360884382353095,103.92311955759482,104.58600066481793,-0.006358315068140996,28.991135693248467,28.58245296438007,0.014197120687513998,15.626364334492846,15.759958246725567,-0.00851292588871555
1958-01-01,27.55898266260122,28.695567412259088,-0.040414133356186266,17.087347320221028,17.441200618381494,-0.02049699207183675,3.933376637454291,4.575616648042663,-0.15124322383683664,101.2638338861924,104.28626068037534,-0.029410296846030803,29.001827360691294,28.691429858029636,0.010760373485016128,15.425980152047527,15.81760241208516,-0.025070285769069667
1958-04-01,27.668714774604073,28.790695589983496,-0.03974992076508377,17.165896273946643,17.50602663937425,-0.019620560288569955,3.814298392742064,4.582000843596735,-0.18337902785708282,99.51778447137276,103.99445849851719,-0.04400124745514589,28.953378696862895,28.796592713219226,0.005429833644122528,15.672655803549276,15.878690309352658,-0.013060452873218331
1958-07-01,28.229910493035728,28.892952102101916,-0.023215621849651757,17.30914584504373,17.573465620517876,-0.015155105846091477,4.183519558020174,4.591154106518904,-0.09297854001534311,100.43319644724653,103.71582259354655,-0.03216188954228194,28.8724184153629,28.898612501005047,-0.0009068243035192936,15.911237577817406,15.943203650905225,-0.0020070095462338955
1958-10-01,28.77870377648801,29.002795843897477,-0.007756572342748402,17.38762440558284,17.643773308184816,-0.014624221953515537,4.608751950881918,4.603023254700718,0.0012437769684705557,101.54176399629588,103.45268342493027,-0.01864416140121339,28.855608601221707,28.99826990252819,-0.004931790025257232,16.108510686868154,16.01099477303527,0.006072086855385628
1959-01-01,29.22164352394853,29.12027478860321,0.0034749915767018358,17.719139315427956,17.71704258483411,0.00011833840351060942,4.762109233853983,4.6172909640592055,0.030882524757209096,103.12149855747963,103.2052783992756,-0.0008121083228873616,28.947253969993685,29.09634106141004,-0.00513708426221271,16.17517060094562,16.081894754890623,0.005783297705812096
1959-04-01,29.769950399019056,29.245300591289123,0.017780611662102874,17.970944777208793,17.793206163690467,0.009939566417585866,5.091079428635677,4.633643454233961,0.09414639477619313,104.68412586510576,102.97264870977497,0.016484084498816998,29.07574974950126,29.193523324005668,-0.004042395886202588,16.29309349618344,16.155794193708545,0.008462547201832926
1959-07-01,29.684168663725266,29.37785161636539,0.010372818011525453,18.133025660573004,17.87219777740365,0.014488589208995872,4.7268836023941585,4.651855137737002,0.016000033126661428,104.00536534503351,102.75379765978383,0.01210667478087668,29.285182604817614,29.290429659655732,-0.00017915492981845915,16.274051305875336,16.232641371624602,0.002547780363971519
1959-10-01,29.674758149850934,29.518238036107785,0.005288479672415747,18.12383327774153,17.954062276392218,0.00941142779320625,4.857318906843931,4.67197389588617,0.038904962273501154,103.70429211262133,102.54879850095128,0.011204735862955673,29.40788030150277,29.38760707443453,0.0006896184988507414,16.275742551402406,16.31247077308684,-0.002254081061130897
1960-01-01,30.137636485601114,29.66697253516119,0.01574038107538689,18.12563502304758,18.039009412759512,0.0047906333554283975,5.358093308341417,4.694097328156444,0.13230235393953027,103.64954716790157,102.35850327981976,0.012534080949658133,29.451993123002175,29.485606573570774,-0.0011406455093561085,16.526619727044096,16.395344533501742,0.00797497307653705
1960-04-01,29.89051871085539,29.824681353957413,0.0022050460687688123,18.351943224469295,18.127360349108205,0.01231304826530355,4.811385779627155,4.71844166625503,0.019506556866597746,103.52977701220188,102.18447875619468,0.013079476962642111,29.736652664012016,29.584999273321703,0.005112929802694399,16.348299829242958,16.481303686440505,-0.008102722582119526
1960-07-01,29.94174047339389,29.992304322220583,-0.0016873168161954943,18.226461859638892,18.219498086254063,0.0003821424091952075,4.740210329965219,4.745622408564562,-0.001141086784000711,102.62375828661025,102.02908699819879,0.005811528896934703,29.863561516630664,29.686342867845642,0.005951954878586019,16.445615726303384,16.57047355048791,-0.007563489325408845
1960-10-01,29.453719784998835,30.170850176178366,-0.02405602168564691,18.212336050486122,18.315955613732427,-0.005673401983124382,4.141809221502278,4.776331114591578,-0.1425400001371424,101.32950865301147,101.89551749820164,-0.005570281568375357,29.958542788336775,29.79029801885856,0.0056317482275534125,16.293461307357703,16.662898628775103,-0.022420728382143817
1961-01-01,29.54399242484528,30.36132707083433,-0.027289241584921076,18.13344943829239,18.41728326170765,-0.015531263422723374,4.248665251926584,4.81127948618449,-0.1243581789488033,100.37846785561959,101.78732499470746,-0.01393786680411413,29.897148535199886,29.897646163435777,-1.6644533638920933e-05,16.455693891924508,16.758546034292447,-0.018236788591452502
1961-04-01,29.94863867093509,30.56431777355752,-0.02034937258253189,18.299534943240005,18.523980002456764,-0.01219046248337774,4.534142331107306,4.850776057782757,-0.06750276051887649,99.82625425183413,101.70771193226655,-0.018671913012080488,29.877173353068507,30.009286229938912,-0.004412118936670595,16.744915339318805,16.857146657496756,-0.006680050499905832
1961-07-01,30.430332930248237,30.77990499207995,-0.011422137023870516,18.351131536750156,18.636378096756612,-0.01542424553576316,4.873718571231183,4.894768503853048,-0.004309769781553285,100.10995676371752,101.65900723511727,-0.015354996886673078,29.93364393068033,30.12613132169267,-0.006409882463173311,16.971663859323066,16.958232283323714,0.0007917251879869802
1961-10-01,30.97824057892152,31.007788376249326,-0.0009533696564822947,18.652346246214183,18.754677911894365,-0.00547126766996664,4.9582834582126365,4.943002947353572,0.0030865732723055483,101.21601184336116,101.64237584647883,-0.0042035691577133605,30.117324471511143,30.249027018016765,-0.004363449246822082,17.117597896322874,17.061252436015494,0.003297098106174623
1962-01-01,31.480907847171608,31.247443424891987,0.007443699556584971,18.804502063337203,18.878905938000642,-0.003948898217876362,5.197627924310592,4.9952092137504795,0.039723057251004334,101.43056018941105,101.6580359250638,-0.002240163506311177,30.315851307550833,30.378713342648094,-0.002071422966352543,17.33152967413282,17.16565169756223,0.009616974397604228
1962-04-01,31.648520257848993,31.49831690531423,0.004757281363962473,19.001679500677476,19.009027239370376,-0.00038661416293450657,5.097893285188609,5.051120778001911,0.009217218152048456,102.2583913045471,101.70596920020941,0.005416862571014924,30.5031435659225,30.515862808907546,-0.00041689447026183046,17.29466999677959,17.270896450846465,0.0013755625684757078
1962-07-01,31.892269526723783,31.759990294538675,0.004156315046252246,19.078638933051995,19.144961254902793,-0.0034702324261424167,5.140240378083742,5.110589763938897,0.005785033295084174,101.58318421739536,101.78604558915822,-0.001995006218383999,30.63165851308179,30.661124038997283,-0.0009614681193608199,17.477341160094714,17.376544233758274,0.005783986847177847
1962-10-01,31.816934522555385,32.03212989733739,-0.006740778164112005,19.259045924871682,19.286622700100953,-0.0014308627100265703,4.934981769350689,5.173493725077322,-0.047199250440364215,100.39492383405191,101.89851002670252,-0.014865671647553036,30.733759263799453,30.815154262532587,-0.002644889780151871,17.54947001251132,17.48215667888966,0.00384300832267348
1963-01-01,32.00822347192697,32.314477036155125,-0.009522481985427156,19.27082755173667,19.433883506358285,-0.00842568849140024,5.132719166526603,5.239724856205601,-0.02063341788736417,100.50420072330515,102.04351177159005,-0.015199783450863258,30.80296649259631,30.97861023116907,-0.005685973751550666,17.628617011566394,17.587348378120108,0.0023437467569524806
1963-04-01,32.22794299207588,32.60662825001245,-0.011681717239240719,19.365516253160628,19.58659569180718,-0.011351467304330676,5.202000795780742,5.309014208666685,-0.020362849931369276,100.71184206550257,102.22028172864098,-0.014866719154110974,30.936621848956555,31.152116719951085,-0.006941540165323445,17.698991738851404,17.691767373802353,0.0004082627968728936
1963-07-01,32.80151775161408,32.907970488750834,-0.003240105291285822,19.61614683722024,19.744503785738058,-0.006522117977738162,5.32464011618054,5.381009293961308,-0.010530832191116613,100.57243257879229,102.42710171797228,-0.018273152721658192,31.089133668481924,31.336207337944952,-0.007915854543368628,17.999208312544543,17.795079862142344,0.011405767442544512
1963-10-01,32.8776578779814,33.21762545305716,-0.010287286962656683,19.610265159156935,19.907203547803753,-0.015028491809200073,5.389078582805936,5.455268339687072,-0.01220738866443516,100.92877389893256,102.66131208755813,-0.01702027881100765,31.263011198666195,31.53129817878064,-0.008544997635332674,17.964459001371722,17.896949480318504,0.003765027848012803
1964-01-01,33.42928130270235,33.53461289969249,-0.0031459246842073796,19.942172177406995,20.074195796758392,-0.006598504815074957,5.513504218486016,5.531287456721197,-0.003220206252033897,102.58676603428165,102.91907540165576,-0.0032340653160254362,31.44696275261121,31.737665601091464,-0.009201760214803567,18.036361184239944,17.997161374392647,0.002175742060596786
1964-04-01,33.65918407581448,33.85769582691776,-0.0058803760900727475,20.21195631705522,20.244774206713892,-0.001622370193146594,5.481196724334313,5.60849033057672,-0.022958122564429306,102.6282099041539,103.19543434482566,-0.005511765946456748,31.661838174113008,31.955429444039833,-0.009229989442665953,18.112414651625862,18.095539583654894,0.000932119449949198
1964-07-01,34.03777561701361,34.18552024323047,-0.004331214296253716,20.481855000698005,20.418123592436363,0.0031164544352018098,5.539793312033507,5.686255679085112,-0.026094786875520803,102.84317963912014,103.4851796167264,-0.0062231101126393185,31.850704905065022,32.18453433663709,-0.010426523264460918,18.253209297573232,18.191930305049024,0.003362810566243546
1964-10-01,33.99306259251398,34.51655073178731,-0.015282477958934226,20.42487199753579,20.59337911401148,-0.008216248126398984,5.605265752313686,5.7638443980401215,-0.027898213453591003,103.3902800142507,103.78269127163296,-0.00378825214730405,32.04432747463173,32.42474225425159,-0.011801603357657786,18.12797846166498,18.286188494647437,-0.008689531669405337
1965-01-01,34.67133361491022,34.849096357030554,-0.0051139824540289425,20.756284482922148,20.76968589558597,-0.0006454473192039067,6.112344694545715,5.8403823560707595,0.04551418000605678,104.55107038581805,104.08188175883797,0.00449774988199092,32.25398418393436,32.675600231264,-0.01298705288347124,18.31414528761449,18.37820621433566,-0.003491789933759648
1965-04-01,34.966260512322144,35.181064244647814,-0.00612437906861496,20.909238709627157,20.94605174109356,-0.0017590627403385461,6.084070237255119,5.914848421078858,0.028208048004643826,105.1607925765985,104.37634631674842,0.007487454766161861,32.58638753201166,32.93640231399277,-0.01068385861354093,18.334341282749694,18.467774617714195,-0.007251426522361104
1965-07-01,35.62550019563591,35.51016921761364,0.0032425667748685605,21.19511944677431,21.121442313871757,0.0034821925168664336,6.239477193646356,5.986345230564548,0.041415315036608114,105.07278689069513,104.65990245800239,0.003937249527962372,32.9234780846897,33.20615312877785,-0.00854917109278075,18.622977171134718,18.554641978292267,0.0036761509404397152
1965-10-01,36.32486371371385,35.833907033096494,0.013607888592694906,21.635934563381493,21.294766195436413,0.015894245574723964,6.2945897639545345,6.0540478343184345,0.03896338497581686,105.71771082801658,104.92679470203869,0.00750952265119853,33.286415630871936,33.48360235477265,-0.005906462304752669,18.84075474006275,18.638469244622225,0.01079464504308092
1966-01-01,37.110467825955254,36.14976263627345,0.02622869895407165,21.925627033434917,21.464945024878524,0.021234996344185575,6.725023010833707,6.117264774626205,0.09472028279773004,106.94338517223161,105.17147523453964,0.01670746831793224,33.67205062303449,33.767277417737006,-0.0028240749354515593,19.02767961304968,18.71895641939286,0.016358018102371474
1966-04-01,37.13208315378637,36.45545410902519,0.01839029106402057,21.91947072261904,21.631084469065982,0.013243939948131445,6.619399792854115,6.175441578742793,0.06942430942167555,107.68828912834805,105.38885257759131,0.02158397471581086,34.147441065523346,34.05552912185351,0.0026952491675213963,18.860284873045828,18.795927620876583,0.003418151246136869
1966-07-01,37.33937139648095,36.749241321315125,0.015930722255996344,22.062326921120242,21.792556809726175,0.01230300897989478,6.523335847956894,6.2283891957345405,0.046268134915075754,107.88531289240464,105.57491592817202,0.021647940730824544,34.577743754945,34.34658986680199,0.006707493352184457,18.860207404117006,18.86939968522222,-0.0004872715088355406
1966-10-01,37.53514485261179,37.029774312133384,0.013555389975423715,22.074197693598403,21.948903475093356,0.005692218561943463,6.569873290208943,6.276202906819484,0.045729381249177026,107.29693475332496,105.72707944775009,0.014739030534613562,34.96402602264274,34.63868864602675,0.009348478648874003,18.95276774588424,18.93943285859375,0.0007038328536346228
1967-01-01,37.741528305743174,37.29605689019049,0.011873427106154466,22.10014457693362,22.099829621427517,1.4251388686048472e-05,6.384857787971013,6.319181029950401,0.010339600511537705,106.82594013923645,105.8442065957035,0.009232518358843755,35.336502758579,34.930140079995965,0.01156643301867799,19.040798882942838,19.00608504257999,0.0018247933293835672
1967-04-01,37.62405550390181,37.547407942633306,0.002039273530585639,22.311555986260498,22.245118798411863,0.002982145207479636,6.093313425014375,6.357826904687388,-0.042494627189659795,105.7874885421121,105.92616641341957,-0.0013100514576658284,35.63420032956732,35.219408554746195,0.01170855006533067,19.046432963591567,19.06942574499118,-0.0012064681194443594
1967-07-01,37.79376611254198,37.78343502962096,0.0002733915209676141,22.308347979907264,22.38455659579111,-0.0034103261118625383,6.2390969631127495,6.392709705738366,-0.024322778151195656,105.6219338853172,105.97347443840982,-0.0033227646981304204,35.80611327519432,35.50516653877078,0.008440418510049064,19.119599220904995,19.129549475172585,-0.0005202863243369826
1967-10-01,37.905022401212484,38.00381108398438,-0.002602825890168692,22.286556363407982,22.517972829911194,-0.010330139768077728,6.349605897408926,6.4242497019287725,-0.011687098473875057,105.62227486636,105.9865948916356,-0.003443337565743221,36.02161960483446,35.7863092283668,0.006553906304720858,19.135611301664763,19.186539566175277,-0.002657903762648406
1968-01-01,38.52825508346464,38.208234492069096,0.008340815392042789,22.72144600318329,22.64515267330872,0.003363417316843531,6.452028575458704,6.452784352188722,-0.0001171309859537839,105.40196957619989,105.96580559988432,-0.0053351307749283094,36.2799715136657,36.06189252478481,0.0060291410067074835,19.427997634440526,19.240476035896013,0.009699015801252653
1968-04-01,39.03925570968575,38.39636094334136,0.01660500854726843,22.980976160715002,22.765737214050628,0.009410098302883974,6.641040580626175,6.478615259814765,0.02476187210448355,106.04924542858703,105.9111889626366,0.0013026627905308175,36.57274763119837,36.331098856715684,0.006629270500971618,19.55240775913802,19.291409569284543,0.013438541095771583
1968-07-01,39.18253324200049,38.5680664752412,0.01580642624746531,23.32931305343023,22.87941604026068,0.019472997356153154,6.415538424751517,6.5020527165742745,-0.01339500289941209,106.36393229205297,105.82250682191813,0.005103310536327399,36.87666444531629,36.593232056318136,0.007715644327302762,19.529759313832084,19.3395103298867,0.009789250221282852
1968-10-01,39.1497956767541,38.723652400703564,0.010944616948336261,23.25365130092357,22.98601613583605,0.011576127972367178,6.501576555473476,6.523515846422577,-0.003368776361902137,106.51776751338149,105.69964073080587,0.007710308427560264,37.08804432125245,36.84773739834034,0.006500445752222195,19.4561581860213,19.385114540501142,0.003658156376414201
1969-01-01,39.58544942018423,38.86383310289726,0.0183975339915885,23.39272244655665,23.085650781071095,0.013213721225720398,6.8698301328217095,6.543376953791689,0.04868599399772311,107.03443606487089,105.54284281853495,0.014033651517614487,37.32323697202471,37.09423316824641,0.006154590480312638,19.567544686043142,19.428681726776702,0.0071218966030039965
1969-04-01,39.544396036634325,38.98962197995481,0.014128483402509051,23.44936204571928,23.178611150858426,0.011613369370992555,6.769090432145564,6.562000683686372,0.03107118645928386,107.58607483546679,105.35290487345998,0.02097550990570074,37.656574083880464,37.3324890786946,0.008643581057155014,19.421511454426458,19.47072096857592,-0.0025305587951138797
1969-07-01,39.634642798773406,39.10251421577241,0.013516786863211117,23.42107246139278,23.26539274907796,0.006669182969386345,6.832996471617624,6.5799570732130235,0.03773507793654085,107.65557842308758,105.13156779605023,0.023724450064702474,37.94460184246714,37.562423483088246,0.010123074546285693,19.405842392879826,19.511833170882035,-0.0054469357956778985
1969-10-01,39.25113816971902,39.20438402411898,0.001191863869548726,23.4636393807363,23.346674432337718,0.004997411138504937,6.486976824277489,6.597950999494091,-0.0169625446257764,106.83235055293416,104.88196333147843,0.018425229388489228,38.21677907996677,37.78416674127787,0.011384516507721543,19.2659450774239,19.55259367438143,-0.014768912817978208
1970-01-01,38.98887386019348,39.297468795229825,-0.007883789763025728,23.42911604297595,23.42324741494299,0.00025051577468104824,6.23528971771186,6.616851213249035,-0.059394564841659614,105.86479040148417,104.60877088253447,0.011935317874984364,38.3790206204838,37.9981021171359,0.009974758095225855,19.222201691266,19.593516022812747,-0.019132747265888206
1970-04-01,38.83772403792101,39.38406435946482,-0.013969233306705409,23.34429662584282,23.495990639024452,-0.006477097062009385,6.238596533478625,6.6374662736208645,-0.061975062790439406,103.93272720774385,104.31784252089338,-0.003698580538498142,38.466778267406085,38.204901964441184,0.00683113557785342,19.362816421499414,19.634936837522805,-0.013955923608876653
1970-07-01,38.9737052910693,39.46629696057693,-0.012559870751986502,23.450489228502825,23.565800426797182,-0.0049051692655974755,6.240621591403522,6.660368462585964,-0.06509501630738423,102.8367117650127,104.01575429653926,-0.011399963683269121,38.538425980393235,38.40550007433637,0.003455140518859423,19.55222966336202,19.676960302995905,-0.006359094340866012
1970-10-01,38.331193278210776,39.54596770493986,-0.03119972404108573,23.245060559666015,23.633489851070227,-0.016572107185119034,5.871608332765108,6.685880770276266,-0.1298693668310631,101.4643683177094,103.70877325129663,-0.021879028095409758,38.6020819050082,38.601020581511094,2.7494322455634546e-05,19.387355539685036,19.71951951555578,-0.016987906274849696
1971-01-01,39.153178957588224,39.624582206450896,-0.011968069888220079,23.426111480262204,23.699809705193392,-0.011615743329571604,6.53595774199157,6.7140604481323605,-0.02688500970052865,101.36626074751905,103.4023583149653,-0.019887467959102345,38.581470292105664,38.792698699903255,-0.005459934117320486,19.81926446918963,19.76246846599799,0.00286981079200066
1971-04-01,39.140802512533654,39.702884171571064,-0.014258368812913869,23.466283269018376,23.765273600657764,-0.012660786361728071,6.679762286692094,6.7444209277533895,-0.009633232808282655,101.1236102185687,103.10049465644695,-0.01936055676215087,38.72237909600936,38.98179786930556,-0.006677111765423849,19.81858520486928,19.805449593930994,0.0006630123098858576
1971-07-01,39.24612499322968,39.781325693361644,-0.013544885428003361,23.51414995571603,23.83022808193628,-0.013352496554656312,6.733600971305328,6.776354915031353,-0.006329271066668252,100.57140267927427,102.80584331075082,-0.021974243297615992,38.89994039958788,39.16947436848383,-0.006905009871671641,19.910860375509337,19.848137823702956,0.00315514005283557
1971-10-01,39.116369833989495,39.8600072391605,-0.01883245119312793,23.71829018103359,23.89483453028163,-0.007415819037146498,6.520320604968079,6.809203581327425,-0.04335161764160467,101.07103459131478,102.51979506476086,-0.014232320097709916,39.07873281373573,39.35674352822586,-0.007088931990811176,19.749486919763946,19.890213534840495,-0.007100316333568113
1972-01-01,39.38729585184048,39.938691965493845,-0.01390225346352425,23.65102440752979,23.95905620012814,-0.012939952496864304,6.816327219266854,6.842268524386982,-0.003798536364789662,101.06644744703782,102.24232227526936,-0.01156750829315456,38.978320765990375,39.544469923680644,-0.014420245721515457,19.904777291222057,19.931393767263543,-0.0013362971036117166
1972-04-01,40.070016309073054,40.01667014602911,0.0013322107155397944,23.96425357214588,24.02274466465697,-0.002437790386024652,7.176265021384092,6.874651475724894,0.04293810787793095,101.26716718337096,101.9724919336431,-0.0069408459445297055,39.19083032346948,39.73335875404173,-0.01374830663272908,20.185249792775558,19.97130473019008,0.010655649592013372
1972-07-01,40.235432252337105,40.09287818623353,0.0035492895338342656,24.186758450114812,24.085555201558787,0.004193020353695509,7.266948690494911,6.905420956944909,0.051029741913346305,101.30527100947435,101.70864673140088,-0.003973877823232108,39.48293942792459,39.923768878810016,-0.011103192390081507,20.21102447429712,20.009553182687334,0.010018402939796278
1972-10-01,40.71400108631516,40.16627805354787,0.013544251126075046,24.525202194889506,24.147102829714704,0.015536842598535827,7.344215060234627,6.933815991671918,0.057502626890781006,101.8814147616262,101.44870714073437,0.004256214180804463,39.807223350725685,40.115721255697466,-0.007719921697667775,20.31791770161223,20.04587679704449,0.013479655573128912
1973-01-01,41.50760221979298,40.23591393397022,0.031116618239911187,24.859753888989935,24.207062323266584,0.026605764025790624,7.663157513537094,6.959287492665419,0.09634700948916186,102.87710133301825,101.19036382388657,0.016531551680816214,40.12378266760464,40.308957402085206,-0.004604469808679124,20.5264396156265,20.080137656962272,0.021982642268780772
1973-04-01,41.742425275929016,40.30116556568756,0.035137613559791614,24.815020924515746,24.265341240881803,0.022400106411093024,7.917995914314975,6.981532986843961,0.12586961440173283,103.41653712714485,100.93159943777674,0.024321828691839187,40.50707074392586,40.503018294891675,0.00010004800848006923,20.504169910742235,20.112367031037348,0.019293374702554544
1973-07-01,41.310234701704346,40.362195062802975,0.02321670177407631,24.745062168735743,24.322251153463828,0.017234344086180187,7.615742426881572,7.000672360588169,0.08421128096210384,103.5792123350815,100.67145741056025,0.028474338810057453,40.939354929889724,40.69731884233445,0.005929609464523811,20.195979579611492,20.142873826369737,0.0026329843036134726
1973-10-01,41.49190517730041,40.420054672198525,0.026172287664902427,24.561069370343834,24.37844823646781,0.007463170478807957,7.893666825591899,7.017383461568471,0.11767034803331367,103.57298410546815,100.41051749920933,0.03100956689659995,41.28421749007526,40.89126525669516,0.009563806999396629,20.22611816990792,20.17221262581187,0.0026687031383283433
1974-01-01,40.92492846542054,40.47639104552089,0.011020508321430533,24.476538232130896,24.43485812658953,0.0017043110086087943,7.364933237332071,7.032724057945668,0.046155863787813,102.61930995269293,100.15113592270917,0.024345716933432016,41.68258159171453,41.0844048138748,0.014454729331013993,20.00270402609032,20.20097481162805,-0.009863395524533303
1974-04-01,40.81338036640965,40.533523472713924,0.0068806060116965995,24.551737442035787,24.492529327727496,0.002414477653424729,7.399248389090818,7.0482810239855755,0.04859466530119172,102.37520979851702,99.89758073002834,0.02449912304045654,41.93561606009997,41.2765232577011,0.015841596943984015,19.93681071148895,20.22978900680459,-0.014588413924333299
1974-07-01,40.22569371496301,40.594064050038696,-0.009115911658708509,24.47733924111856,24.552546495764954,-0.0030678151702958623,6.988143742971763,7.065859438342468,-0.011059694028515699,101.51783931034313,99.65559359488964,0.01851436229480452,42.19111753015505,41.46777737242314,0.017293037032618752,19.71548413965082,20.25916255682211,-0.027202839213113617
1974-10-01,39.86949261947247,40.66081588497628,-0.019653438593696837,23.90354134297633,24.616042473157872,-0.029371742139986168,7.011933759254053,7.087498761377455,-0.010718974047174923,99.36060747700493,99.4323855115117,-0.0007221385074691611,42.334727367078195,41.658739740644975,0.016096542868722086,19.792077693374353,20.28942078509278,-0.024817865477452905
1975-01-01,39.193616688587504,40.736370494116095,-0.03860742337868661,23.892566638427894,24.684115505295946,-0.032592548558519674,5.9248443296904805,7.115219277383989,-0.18308163688880663,95.8196396006932,99.2362586716404,-0.03503578807466834,42.48566167509307,41.850446124577246,0.015064189692621355,19.89614149144133,20.320545546411264,-0.02110665207839224
1975-04-01,39.287737585773556,40.82284172594748,-0.038329321510494285,24.107074683802686,24.757423381718638,-0.02662002589601986,5.786204999842344,7.15103712622468,-0.2117807625574637,94.49533035653715,99.07542215264954,-0.04733098094537702,42.365327688635496,42.0443744581798,0.007604689249057994,20.14514494193012,20.352202984765015,-0.010225847258418685
1975-07-01,39.734332906573975,40.92138127963659,-0.029437073434206873,24.335588275433093,24.83612840142728,-0.020359566421187303,6.1627698893217815,7.1962077777796445,-0.15502785590025092,94.81499410538481,98.95589616536273,-0.04274669517109153,42.17444600212226,42.2424278323075,-0.0016106221847200786,20.361622330244476,20.38378831012168,-0.0010880234959227408
1975-10-01,40.07136239723628,41.03217840900494,-0.023694673622857376,24.477785811034554,24.919983209931452,-0.017904015502525628,6.282755192276079,7.25108932444099,-0.14334310007375795,95.95736902153324,98.8807927664156,-0.030010990990949615,42.11695335856148,42.446747244603166,-0.007799932020796874,20.384828520155004,20.41456251071482,-0.0014575705701833641
1976-01-01,40.7773700577854,41.15467725225214,-0.00921031205964784,24.861001065152603,25.008421545666536,-0.005912276590323007,6.82363370881727,7.315375391499317,-0.06958621935417009,97.07076629512041,98.85063011178383,-0.018169662074233095,42.09755849942929,42.659473254246166,-0.013259619315047821,20.59233515558325,20.44376828447846,0.007240820046579
1976-04-01,40.89265602226944,41.28771310504919,-0.009614464626004793,24.936075543365998,25.10059030766271,-0.006575792144181136,7.1152610406479555,7.388117158426888,-0.03763100050093571,96.68761333731352,98.86413192797195,-0.02226120222174366,42.22526570565166,42.88258267953952,-0.015446990059808208,20.681771613210675,20.470625649318553,0.010261750507981393
1976-07-01,40.91879140993375,41.42987520221972,-0.012412838617798627,25.134101892748436,25.195532034205186,-0.0024411134025439374,7.120865433992022,7.468026164095636,-0.04760146141236965,96.60739589306974,98.91895691077254,-0.02364559749395667,42.406916353955005,43.1177404461725,-0.01662305321054136,20.675071131791583,20.494443975173162,0.008774857568454308
1976-10-01,41.03263134298531,41.57948894896437,-0.013239354995698172,25.29510460748117,25.29217146402417,0.00011596368447053251,7.162726240276832,7.553594721394729,-0.053132903672705956,96.69755715073931,99.01143479443566,-0.02364720644191376,42.59973198594836,43.366235126164405,-0.01783318398258693,20.687151249739102,20.51466221195922,0.008372934635474394
1977-01-01,41.33760092707071,41.73453526639182,-0.009556450053294085,25.530580328866332,25.389378252075932,0.005546054736031536,7.489749318549904,7.643025184991824,-0.020258163275703733,97.29168425891727,99.13646222646446,-0.018783786757859744,42.7984286153015,43.628938954127975,-0.01921928034069298,20.724311546377397,20.530831455849544,0.009379752194428104
1977-04-01,41.94394009359808,41.892620040040434,0.0012242883030042506,25.6240669595577,25.486006463279093,0.005402490070117505,7.950585014363695,7.734178882066101,0.02759619044591366,98.6731674235541,99.28747793485662,-0.00620641018927337,43.05756586535662,43.90626406808749,-0.019519037946489348,20.79248107079321,20.54261115777149,0.012090112453285062
1977-07-01,42.49247481090427,42.05106214298348,0.010442351831667196,25.812827586911308,25.58098142797889,0.009022399239727363,8.30672780032553,7.824714403331289,0.059778527030494466,99.24765397750188,99.45673673927733,-0.002104461186649864,43.41289289553067,44.19811049245784,-0.017925570815469527,20.924790114675112,20.54978315858674,0.018084196970249877
1977-10-01,42.30392169676248,42.2071720958499,0.0022896317829417256,25.895292491028258,25.673299564219462,0.008609670702838912,8.254470943376333,7.912316999008419,0.042334326969220015,99.78033348194205,99.63606698973004,0.001446887187202428,43.86272579810307,44.50384035893396,-0.014510596891087246,20.684820048425706,20.55228731237973,0.006427860771691218
1978-01-01,42.25822870155906,42.358497337150936,-0.002369949470208521,25.976448341186583,25.762089087261323,0.008286298419682758,8.341278932434388,7.994872261151741,0.04241618501021582,99.81483883347212,99.81711165771227,-2.2770145106321138e-05,44.289812503418226,44.82230227523861,-0.011951149652019488,20.587894054359197,20.550298872923737,0.001827751256260779
1978-04-01,43.70164908431619,42.50261272511519,0.027820287946879407,26.453499325523186,25.846606953209072,0.02320911591945629,8.820125994396998,8.070404528196818,0.08883254656040629,102.27865512294187,99.99154420307822,0.022615376918915686,44.72117147132326,45.15190677154717,-0.009585486703977963,20.88535017381922,20.54407858421477,0.016475211903879572
1978-07-01,43.93942937479916,42.63700083071056,0.030089640015774854,26.458784843022155,25.926237084653668,0.02033276252856675,9.032939547647219,8.137102265825806,0.10444371611923753,102.67410481009465,100.1509794133139,0.024881099602152013,45.244553748602044,45.49068011919394,-0.005425168675389891,20.861253699449904,20.53391305721939,0.015815733632473794
1978-10-01,44.32383971412545,42.759862653721314,0.03592280071078546,26.508134505748238,26.000736098501577,0.019326799268349237,9.22919363772075,8.193582323973319,0.11902047707745478,103.43267422288275,100.28840139136611,0.03087086133211958,45.79685373268387,45.83631516763128,-0.0008612915576406976,20.854566302063265,20.52030202500634,0.016158192797604
1979-01-01,44.20433944842571,42.870194320815685,0.03064614843860225,26.543160897457085,26.07019262313734,0.017979504581279837,9.199298475442301,8.239003335161415,0.11024784634320062,103.71061562868695,100.39832939502686,0.03245891101567544,46.385850523486965,46.18627713195226,0.004311744923243488,20.669438808464008,20.503948499758394,0.008038745933188096
1979-04-01,44.06528787316525,42.96795787481206,0.02521767723376067,26.488264019724003,26.13501538947339,0.013425766707249043,9.17091319082392,8.273168768272495,0.10301926602686873,103.60410336699685,100.47721765410896,0.0306459250383595,46.95817918440108,46.53792735222473,0.008989778890274636,20.529882059144636,20.485761464490853,0.0021514040927423927
1979-07-01,44.19014388008789,43.05395163717885,0.02604775661407821,26.701742842467052,26.195914596756555,0.019125371087672427,9.038606554665934,8.296499673081724,0.08567132062364191,104.07405852019964,100.52357560719867,0.03471046372840281,47.485448350274915,46.88867222344081,0.012647197723136383,20.447509002661157,20.466750220231887,-0.0009405629897587531
1979-10-01,44.07300510130444,43.12967093614285,0.021636284754113166,26.778817591591636,26.253829684020577,0.019799315500870218,8.864733789915782,8.310002508169896,0.0646209990441502,103.77395380453326,100.53786642940943,0.0316805755784495,47.93142708826908,47.23610580040598,0.014612833592725138,20.364882232015727,20.44794806080469,-0.004070579907857308
1980-01-01,44.02370805006194,43.197333496579006,0.018949539398048998,26.86232634716824,26.31002439198898,0.02077477528895466,8.75098861643722,8.31517373392838,0.05108467225800739,103.08510005187294,100.52276531762237,0.025170638777930243,48.36120693073636,47.578129428941814,0.016324792774325747,20.36662619740101,20.430372515214312,-0.0031250519255570097
1980-04-01,42.94826283684592,43.25976174269577,-0.007226711505024408,26.17292763585579,26.366100266239368,-0.007353523982815524,7.9728168645193955,8.313877851395034,-0.04188828500510988,100.82874736681777,100.48296285180894,0.003435317843112351,48.76343605244918,47.91302616627663,0.01759335833958131,20.098634714147277,20.41498581997261,-0.015617342093887654
1980-07-01,42.720576423229225,43.32031045224826,-0.013940900980808468,26.378351909874986,26.424015782901552,-0.0017296150307553049,7.404111451188232,8.308261883839426,-0.11521497997165664,99.9537050112626,100.42474276247597,-0.00470148984681984,48.94571321646249,48.23953012451197,0.014532978400652485,20.079435125668333,20.402707993109136,-0.015971473564593275
1980-10-01,43.3670613460984,43.38215814315709,-0.00034805609318411257,26.60910246775482,26.48562513088951,0.004651217364024074,8.010471766124573,8.300259270945258,-0.035537095287916376,100.94797208455103,100.35460255839,0.005895316994799948,49.01301993104223,48.556883919811675,0.009350000692208038,20.24283544567417,20.394258940000405,-0.007452510936232226
1981-01-01,44.06340533577577,43.44812309855095,0.014061973021807006,26.596153261805966,26.552772105636958,0.0016324381162102775,8.735671098601735,8.291202576005773,0.05221974724707268,101.17859628198738,100.27873320980409,0.008933594614980223,49.22885818856769,48.864764339389275,0.007423429002066495,20.505828443796684,20.39015573336176,0.005656937776743032
1981-04-01,43.59346155290966,43.521032040811804,0.0016628582868243313,26.431830182518794,26.62739914749606,-0.007371756171088872,8.40629197548391,8.282235565340834,0.014867542386792998,100.92381095448089,100.20367829992013,0.007160987636043892,49.62601277388293,49.16313793141956,0.009371033691094599,20.263338819442584,20.39082261798269,-0.00627164412684289
1981-07-01,43.96609997469932,43.60411635222588,0.008267324197928971,26.403035872856496,26.711502657944408,-0.011615285067897663,8.795582394330761,8.27476726392753,0.06103879913294774,100.52639268797078,100.13652129499442,0.003885838950680842,49.92229541070259,49.452210347032626,0.009460949093649251,20.446387607574096,20.396759166057322,0.0024301979578962296
1981-10-01,43.34023362791739,43.700683085057484,-0.008282346538549756,26.082822718584392,26.806988785707443,-0.02738566483063609,8.499371076065147,8.270278999318366,0.027323924926903942,99.74967766386759,100.08477584307096,-0.0033537609497589216,50.304723220880575,49.73249324713713,0.01144046656352593,20.20316946122797,20.408389374708477,-0.0101065640506528
1982-01-01,42.541162925192964,43.8143051585785,-0.02948821923866607,26.16878223560076,26.91560732482435,-0.028139133686631013,7.643684635633388,8.27056679858517,-0.07882327432753922,97.78141196918031,100.05618838130748,-0.022997414691621643,50.62101631790942,50.004814510847176,0.012247541304393206,20.045216928354158,20.426173765258113,-0.018826538078230648
1982-04-01,42.605366879495556,43.94838168822117,-0.031035573370433944,26.080598375054986,27.038689396086372,-0.03607710029641131,7.590532121030138,8.277574885187981,-0.08664834011201394,97.93338565602609,100.05829981269392,-0.02146550489764465,50.708315366522136,50.27038722551094,0.00867372773348496,20.04312326248452,20.450450558055028,-0.020118798930359283
1982-07-01,42.319032065212994,44.10556465515178,-0.041349041665447395,26.219588597432107,27.177131650092722,-0.03586908371485853,7.454200560491926,8.29285920269177,-0.10661710035506866,96.95162546296221,100.09723712197994,-0.03192993722073023,50.78598036314159,50.5308430796501,0.005036435492793867,20.028497549342024,20.481324498989498,-0.022357334035870036
1982-10-01,42.20743230181092,44.287716149448336,-0.04811102434638137,26.614754358519836,27.331254162489458,-0.026565151332301973,6.813131206850143,8.317558648344287,-0.19951697017046643,95.75731619387398,100.17782937223384,-0.045129865940959135,50.8206546500751,50.78812716452083,0.0006402495155342081,20.13246103442599,20.51864915102577,-0.019000698059538745
1983-01-01,42.650080000403335,44.49561559656754,-0.04236150872027267,26.824594604212376,27.500789517984618,-0.024895538213647317,6.944026881291715,8.352298290328935,-0.18465489683644076,96.08420945775163,100.30296760732647,-0.0429702930212752,50.71385694973232,51.04438742488779,-0.00649640998905987,20.313535310863877,20.561995680429092,-0.012157074103784193
1983-04-01,43.507881207654975,44.72875065915229,-0.027674387468947792,27.346308445618533,27.685024274536353,-0.012310081894352454,7.461730101775235,8.396700200676323,-0.11805149096215706,96.95232162769972,100.47277984482187,-0.03566751544640567,50.64578622664655,51.30183689224417,-0.012870525113921172,20.61098446296905,20.61069216163416,1.4181923630118831e-05
1983-07-01,44.25195589348655,44.98544373954322,-0.01643939352737478,27.827300116779366,27.882809361031086,-0.001992789572375031,7.824011526328372,8.449435320634322,-0.0769022072427834,98.611211183723,100.68474950523974,-0.02080938458813364,50.69803264796229,51.5625242513341,-0.01690802836716765,20.72608593821008,20.663907518431998,0.003004516858286177
1983-10-01,45.046188382914735,45.2632266110294,-0.004806556348119884,28.163420764009565,28.092760205124744,0.002512100708830012,8.52912087744629,8.508537739253377,0.0024161944630618493,100.17423941049645,100.93414227221392,-0.0075571835636578655,50.836517979751775,51.828122980099906,-0.019317962415324352,20.86358265521145,20.720805295130162,0.006866900207778581
1984-01-01,45.735864435569205,45.55912510890422,0.00387183455170792,28.29972836169567,28.313424713688935,-0.00048385760256941523,9.255556493816997,8.571588665031596,0.07677098262997406,101.66760774301574,101.2149036775334,0.00446272883402532,51.08006116138771,52.09979063058624,-0.01976670161615779,20.945175681335677,20.78058080376506,0.007889406696069301
1984-04-01,46.408341633742694,45.86996481241617,0.011668678170240199,28.656541947885675,28.543355885650115,0.003957566857715644,9.478128251120769,8.636115907079818,0.09303392096044716,102.73047413720823,101.52046303918763,0.01184841813049875,51.578694396047815,52.37807702818539,-0.015379438538349,21.038302253912768,20.842510667784968,0.00935001012885639
1984-07-01,46.73119273145249,46.192605065362216,0.011592158522300888,28.759240435315828,28.78105410882756,-0.000758205175332094,9.597981143457032,8.699990712980492,0.0982308206151381,102.90188273187846,101.84447350802617,0.010329059275649755,52.10861580804495,52.66289368028292,-0.010580797127708763,21.0861441356292,20.905966559715246,0.008581549184529802
1984-10-01,46.97184353116157,46.524159840266464,0.009576604265838284,29.005869240271867,29.02504259262496,-0.000660797924595169,9.417362377960847,8.761530797753412,0.07218440875715526,103.25728332717709,102.18127417227419,0.010475336348040543,52.63004344263776,52.95364161645511,-0.0061297195084808465,21.073717337360645,20.97043529346545,0.004913037613258453
1985-01-01,47.3228228141327,46.86200043082756,0.009785569366357105,29.48897999338,29.27378018414898,0.0073243928856938645,9.059947004082954,8.819549957484432,0.026892427110466244,103.85385535466514,102.5257956812998,0.012870241796070658,53.13218149718661,53.24935666245605,-0.0022029238283800545,21.08164821831929,21.035510244999095,0.002190935640462577
1985-04-01,47.62590387730494,47.20370347271678,0.008904459399353026,29.738019762945285,29.525659526640343,0.007166654104777237,9.171027676091656,8.873236028958273,0.03300979104951063,104.31356555857805,102.87357521633126,0.013900607188809033,53.51757052870227,53.54884778804016,-0.0005842590182685292,21.102396670492293,21.100844531354436,7.355544713405493e-05
1985-07-01,48.22630061948743,47.54706450946464,0.014184475977411903,30.27792169746647,29.779152937789995,0.01661020721158346,9.038441386963932,8.921914690947764,0.012976171583662044,104.33262355677353,103.22091972102122,0.010712555899199394,53.90438053307454,53.85082262042496,0.000994066467187249,21.31210005015396,21.166115922453304,0.006873391412101082
1985-10-01,48.44169587418534,47.89008070057875,0.011452528384293004,30.29612999020965,30.032813931223743,0.00872939965389552,9.369247698220747,8.965091532505701,0.044094487694600115,104.5465483177815,103.56498592859019,0.009433111637124902,54.22648042356396,54.153939407063106,0.0013386371347650083,21.334272597542473,21.23099917497593,0.004852482829811766
1986-01-01,48.65340613231382,48.231119214113576,0.0087173796003861,30.475448827921785,30.28546118602609,0.006253634483766479,9.319235123716151,9.002346969633585,0.034595239314699544,103.88237089445673,103.90358880785817,-0.00020422855813340135,54.5114388453164,54.45685973074741,0.0010017430729178933,21.47702739054123,21.295256584479556,0.0084995180736267
1986-04-01,48.73834203148752,48.5688498313778,0.0034836555916570866,30.575322817597204,30.536041422938883,0.0012855677681713473,9.170454448728433,9.033516085036766,0.01504517341537781,103.31645833094302,104.23513057203961,-0.00885252910306189,54.89279512812112,54.75826112505209,0.0024538581783568603,21.53842787939424,21.358712452800738,0.008378949115836587
1986-07-01,49.06485232814071,48.90217423064922,0.003321081648149704,31.063871184432827,30.783589171748808,0.009063716759059481,8.900373193285914,9.058640809922782,-0.017625880131932448,103.54377413192665,104.5579817699531,-0.009747305241167403,55.21788288906718,55.0568269538421,0.0029209970258508022,21.607065607726952,21.42130294533418,0.008634481053066079
1986-10-01,49.18395658103105,49.23007497074804,-0.0009372320667222489,31.181271338422878,31.027136099937017,0.004955457316848655,8.892079599867646,9.077861883797496,-0.020677741617984857,104.01791623538745,104.8699154376249,-0.00815752569323891,55.45999368992919,55.35129810636792,0.0019618148414446424,21.562247727052835,21.483076179447597,0.0036785243876096274
1987-01-01,49.37527976205101,49.55161505403426,-0.003564965403280329,31.19587515717738,31.265865066255525,-0.002241049900958192,9.109302239820073,9.091233309496733,0.001985538965111555,104.94506215922215,105.16804146441307,-0.0021224700892359394,55.65930828899258,55.64049230117238,0.00033811359768254334,21.49462304904065,21.54419728505012,-0.002303699662257852
1987-04-01,49.764279927648886,49.865809663085564,-0.0020381346840077086,31.61500425110446,31.499037214638303,0.0036748452255386255,9.055720586364705,9.098703465637737,-0.0047352600628753905,105.24330189784716,105.44890530288981,-0.001951695063032055,55.94007264992286,55.923274211697446,0.00030033856169975337,21.585994616905072,21.60488309763136,-0.000874651450951891
1987-07-01,50.061380700753965,50.17154410089616,-0.0021981488561375606,31.949531864937743,31.725854098869508,0.0070255934133323095,8.98282404380072,9.100243395761353,-0.012986845584623818,105.69254936240367,105.70888419448396,-0.00015453851790869777,56.20896176287327,56.19850135067113,0.00018611597384410317,21.618513827758964,21.665321803637926,-0.002162839473118794
1987-10-01,50.795394935828114,50.46762011930318,0.006473754728428371,31.959307984318635,31.945575565766028,0.0004297768183310069,9.599803573161019,9.09580878838181,0.053928902414075885,106.52184183232612,105.94420306326352,0.005437482422772533,56.4623131710118,56.46502440004585,-4.801723113079248e-05,21.790012329632585,21.725691876706595,0.0029561971219820293
1988-01-01,50.919643883553114,50.7527509265746,0.0032829581163160704,32.43739930536924,32.15759112090414,0.00866351810677779,9.118986331701274,9.085293379573525,0.0037016559989826447,106.33024820412192,106.1510601467366,0.0016866245906905775,56.84567058358697,56.72168500015494,0.0021834730949530368,21.817155815901796,21.78614435854412,0.0014224364881769702
1988-04-01,51.470503663167555,51.02583816966623,0.008676763976394053,32.64452894664069,32.36129257739868,0.008714239893158116,9.267849478466365,9.068909145316152,0.021699379187847256,107.57865136613083,106.32600781427335,0.011712300949577426,57.12018116452474,56.96730936939382,0.0026799062001963136,21.849620881243563,21.84687234711776,0.00012580113077120814
1988-07-01,51.645340921699585,51.285877679437874,0.006984561311651483,32.86614478766058,32.556243200515,0.00947394048493111,9.2091416741786,9.046899235337703,0.01777457786563108,107.60498627330205,106.46571599900035,0.010643969662708308,57.413455805252624,57.20079007970373,0.003710986674753336,21.88109751041083,21.908090571666065,-0.0012328643602006473
1988-10-01,52.21724648476732,51.53213821130245,0.013207176775749119,33.21453293707748,32.74218519203014,0.01432320569497092,9.310485382785133,9.019637803304553,0.03173704714344128,108.56994766214873,106.56765111949359,0.018614638917338944,57.693903430324255,57.42110764657171,0.004739543381136357,21.95791182611375,21.970017896612323,-0.0005511787549048464
1989-01-01,52.60044630159962,51.76411537942084,0.016027448620989482,33.31086503728763,32.91906111039192,0.011831766103836294,9.596559067503614,8.987604365965957,0.06555826842742185,109.3516055631067,106.63001834838475,0.025203359699839112,57.956875117177425,57.627371700585364,0.00570154356285002,21.981136212874635,22.03285869551812,-0.0023502754775988066
1989-04-01,52.88623561590893,51.98174028652506,0.01725060013234936,33.48714439383241,33.0871196005311,0.012017545028158327,9.432865304341213,8.951457896192018,0.052383487919112515,109.53545881090301,106.65230256193837,0.0266742870178458,58.31792687201409,57.81886262894427,0.00859447410520442,22.028511616458466,22.09681210049279,-0.003095752408297514
1989-07-01,53.15743231460204,52.18548100525308,0.018453617060580463,33.68816274969072,33.24687067876206,0.013185874187576552,9.300414460567206,8.912218963391632,0.0426357124346195,109.53704784390841,106.63571285137017,0.02684435551431985,58.6197887782172,57.99507109829436,0.010714306167311172,22.101290774559075,22.16204706355346,-0.002745221219996985
1989-10-01,53.14388755369899,52.37639202676932,0.014547138515333291,33.785173084710024,33.39909435192651,0.011493255710749661,9.208104959124087,8.87118547553845,0.037275632647701507,109.29922263172953,106.58327783725277,0.02516265180502053,58.88113495645175,58.15580773924251,0.012395000874870554,22.092474587735126,22.228691617696843,-0.0061468354973963635
1990-01-01,53.296257207213706,52.556161913234796,0.013983758902860188,33.92283006323497,33.544869143737024,0.011204320821159186,9.173612285526792,8.82986916206834,0.038190935894119704,108.76552235576963,106.49984528151262,0.021050861696474854,58.76984302014265,58.30128543342,0.00800470781866025,22.241143624168075,22.29683720367392,-0.0025009489653435857
1990-04-01,53.37705033327222,52.726991649475416,0.012253384607046502,33.883708792804185,33.68554041590065,0.005865654788358654,9.0876688019214,8.789959096526424,0.03330835958787137,108.07020284766384,106.39195115182011,0.01565111533904595,59.00145132409762,58.432185349760424,0.009695185290070185,22.33713920312421,22.366490601763385,-0.001313155239743402
1990-07-01,53.29005567246002,52.8915799834675,0.0075055833744901435,34.07928577857051,33.82271715970296,0.00755706249593846,8.866310868512413,8.753323153140219,0.012825381504754318,107.26400880024765,106.26752355468558,0.009333445683460617,59.19137111484092,58.54950006177969,0.010903221718163714,22.384346500703668,22.437623750680352,-0.00237728394218939
1990-10-01,52.66190515116275,53.05306969192199,-0.007400395763104584,33.92181748819286,33.95816158083656,-0.0010708340401719418,8.30922540955353,8.721981843755701,-0.0484800950816302,106.5185792447557,106.1355027593244,0.0036028172719886342,59.29554788039243,58.6545963098669,0.010868284799356864,22.207319995207047,22.510189890925137,-0.013546126687231208
1991-01-01,52.30404580868215,53.21489329969691,-0.017264580614033243,33.57033782446358,34.0938263137614,-0.015473447155414988,8.012804150811698,8.69800335361225,-0.08205271867065456,105.25219558157777,106.00540685774573,-0.007130767925660919,59.29129548155432,58.74925985448492,0.00918395267377825,22.229106146305906,22.584108217956008,-0.01584396491253992
1991-04-01,52.60566002114052,53.38027874943102,-0.014617647026026415,33.71690919725911,34.2316726403724,-0.015151847981870858,7.955344977844706,8.68318487848619,-0.08754435584288389,104.37484692035659,105.88694639686047,-0.01438326498542608,59.2201389846715,58.83569432411123,0.006512952536944283,22.48871673230294,22.659105116458164,-0.00754805818492299
1991-07-01,52.74208058300591,53.55191661369355,-0.01523795740114009,33.767418808144406,34.37336130440598,-0.01778548669385005,8.052266006320094,8.67889124614436,-0.07494024060641191,104.00880627097702,105.78931954278828,-0.016973993588338843,59.11210159381206,58.91645894586836,0.003315177720235596,22.613029367745693,22.734678241859076,-0.0053651737797490995
1991-10-01,52.78016695913215,53.73204237661711,-0.017874021493574865,33.70117467553425,34.52025415459663,-0.024013535128282637,8.246510367496263,8.686044301179413,-0.05192750929173506,103.5371585843545,105.72074943443828,-0.02087061016066105,59.012791769266336,58.994369573852374,0.0003122216542443823,22.709671259698798,22.810210916298793,-0.004417402474848231
1992-01-01,53.29430516354225,53.92241062067647,-0.011716692459681433,34.34300160313222,34.67335205859047,-0.009573179713571633,8.013842491235408,8.705204178570169,-0.08275067044609585,102.70242341806211,105.68833653189671,-0.028658828056457253,58.99823500688964,59.07238028409633,-0.0012559481759355506,23.053851937239315,22.885001510094487,0.007351127633801191
1992-04-01,53.751002084628425,54.12420017635267,-0.006919098602321316,34.52002326819991,34.8331526919018,-0.009030056580068724,8.415434191594361,8.73670053042612,-0.03746518106090413,102.88528827878469,105.69782645336386,-0.02696966774263032,58.92398902926884,59.153472500845744,-0.0038870036252136586,23.23477582157916,22.95827590731353,0.011971636696061605
1992-07-01,54.13624455356895,54.33821479152059,-0.0037238345793744188,34.84770003063117,34.99995574181904,-0.004359658192090166,8.443325056824682,8.780464264601221,-0.03915308866313394,102.77135703399188,105.75311822978355,-0.02860061817508175,58.92665755947208,59.24059781732505,-0.005313502382407798,23.41779149906433,23.029356252333564,0.016726293066495757
1992-10-01,54.534300058091546,54.56504094105875,-0.0005635393119556298,35.159008562550376,35.17387055589803,-0.00042261866015236293,8.63597043021006,8.836267595042262,-0.022928481103022147,103.12973377824702,105.85639101679278,-0.02609562690455114,58.91418496822935,59.336582361809405,-0.007144125990235395,23.538406366200512,23.0977298613153,0.01889906227194338
1993-01-01,54.48700279658069,54.805153817938574,-0.005822044872910492,35.217100805394566,35.354914752024186,-0.0039056308856983968,8.775533628188425,8.903705124552546,-0.014499916404139501,103.77027995909147,106.00800069635743,-0.021334960036893058,58.98139865545229,59.444076242560385,-0.007813858320981026,23.414182799547543,23.163121229529107,0.0107805295636898
1993-04-01,54.677522818132715,55.05902438369636,-0.006953072832557972,35.48233630104009,35.54309923671968,-0.0017110194409535318,8.788946485857352,8.982271187946465,-0.021757915788131132,104.70661264374368,106.20663819307546,-0.014224339487490134,59.09386241900176,59.56548827003083,-0.007949282240863553,23.343696528409005,23.22552745488846,0.0050749966196135254
1993-07-01,54.79445743748162,55.32693805385169,-0.009670868481816086,35.72647275212235,35.73835007939851,-0.0003323964690578052,8.725045149281383,9.071394688073704,-0.03892837888554013,105.04524821739365,106.44962759461907,-0.013280700191505623,59.18680573076764,59.702963596870674,-0.008683019775169498,23.33173576102694,23.28510393638787,0.0020006435655313126
1993-10-01,55.38278431965307,55.60895124341105,-0.004075388778101541,35.94923112549298,35.94055525306049,0.00024136592725243489,9.105588870860785,9.17038530734232,-0.00709091699873543,105.7502433509496,106.7333753470221,-0.009253786411986376,59.2487059732003,59.85838092461458,-0.010237514695718986,23.471351042242397,23.34208303527131,0.005522702535160295
1994-01-01,55.78733833955835,55.90479046662614,-0.002103141405147113,36.23079530077481,36.14959440619846,0.0022437273126314494,9.42123782882985,9.27831840888362,0.01528615985079318,106.16491146886429,107.0534077837169,-0.008334194367396464,59.430599271736256,60.03332670180483,-0.010090620064946876,23.557448659872517,23.396729784166887,0.006845801958644593
1994-04-01,56.41799115248546,56.214039457054035,0.003621561597387135,36.45883322190418,36.36535135104946,0.002567331793670302,9.847730725234475,9.39419893495662,0.04714868122583127,107.63784046749684,107.40461313020681,0.0021691291634278187,59.69354162370677,60.22903709194551,-0.00893074570526231,23.574886705857338,23.449393574079686,0.005337388640429541
1994-07-01,56.59542724202478,56.53620381482521,0.0010469827413652766,36.691009077690914,36.58775968206172,0.002817991232729966,9.663421729388565,9.517081692030821,0.01525954494343873,108.61760832224859,107.78127773911889,0.007729566101854601,60.02609735344024,60.446401745712144,-0.00697762727100848,23.464481027745585,23.500528207526656,-0.0015350656774719695
1994-10-01,57.08480927233605,56.87091104299104,0.0037540630686816456,36.957927180989515,36.8168115037393,0.0038255872367622956,10.011974818543749,9.646260278357028,0.03721155412100119,108.75876686915846,108.17777178069842,0.005356372708562596,60.29438900743822,60.68600436760246,-0.006474052812435183,23.61052601478103,23.550670487778483,0.0025383392949986927
1995-01-01,57.205220914233436,57.21782103411124,-0.00022023745766919234,36.977670701208304,37.05256489633502,-0.002023341411061086,10.095976160001763,9.781084286951195,0.03168659877725588,109.13600520683909,108.58891704033945,0.005025509365479408,60.72301498618148,60.94819272493636,-0.0037014179455940877,23.54868009263955,23.60033942000733,-0.002191322261783313
1995-04-01,57.256555870481165,57.57672360101534,-0.005576232980982532,37.26178223677027,37.29516941409329,-0.0008956154675177075,9.848554454834504,9.921096776080944,-0.007338788730237855,108.74808374635137,109.00982626876679,-0.002403978330344003,61.11719989167842,61.23309348308006,-0.001894456038747272,23.5709869062997,23.650096016204973,-0.003350587450293485
1995-07-01,57.594857347925384,57.94739792926724,-0.006102385218638595,37.471370675408174,37.544731815139684,-0.001955877756443236,9.76951209943468,10.066011990844906,-0.029898073413541226,109.71513105099069,109.43588177477514,0.0025484657702561364,61.40595289849624,61.5407134688421,-0.0021921802078139763,23.535346692419086,23.700473588252116,-0.0069916248942849535
1995-10-01,57.82792278633788,58.3294163879122,-0.008634783149489067,37.61399706280033,37.80134124568699,-0.004968341254232289,9.933384293121648,10.215478052583276,-0.02800279124256866,109.69209173637768,109.86222863578152,-0.001549839084661997,61.65485470598313,61.87100568425047,-0.0034996914524567657,23.60037423223225,23.7519602742507,-0.006402495733960123
1996-01-01,58.13756007965877,58.72211769281737,-0.010004519950956414,37.90845153187361,38.06504335566746,-0.004122280955358715,10.014264081222134,10.368925334721403,-0.034802899969959444,109.67797312278176,110.28411168636896,-0.005511314355650221,61.97351776245157,62.22385510376116,-0.0040312878534782826,23.68595121927165,23.804944511672467,-0.005011214869093283
1996-04-01,58.9583439742554,59.12450460120283,-0.002814307727541099,38.31670688813126,38.33576650519707,-0.0004972994768430716,10.410490884040533,10.525562272246992,-0.010992764120559606,110.42159584504729,110.69659624060938,-0.0024873623897985198,62.27690323468448,62.59902417124652,-0.005159067207215706,23.8742376362041,23.85972290037736,0.0006081513501472458
1996-07-01,59.317879634659626,59.53518046670295,-0.0036566340653729767,38.47703284872809,38.61333782322911,-0.0035362423439955215,10.75524876372707,10.684313608963647,0.006617244547447498,111.02315177033614,111.09429409924898,-0.0006405830128928258,62.64784708222576,62.996126464160824,-0.005543923264080597,23.885451678644216,23.91652013474656,-0.0012998819629577163
1996-10-01,59.75384526883998,59.95260385829948,-0.0033207696587744806,38.723612562959886,38.89756740556037,-0.0044821563881498605,10.707722948987033,10.843962027634833,-0.012643177886852985,111.93627948013582,111.47157304497178,0.004160168052592894,63.08030374171661,63.41457519917011,-0.005285150487469359,23.875681350429815,23.97557252141838,-0.004175076220926943
1997-01-01,59.85997831300358,60.375051132713004,-0.008567818761829216,38.89022654554938,39.1881729950297,-0.007632018521303241,10.89738491228323,11.003262126327195,-0.009668941626602479,112.37945717179257,111.82269166019606,0.004966648705218013,63.382251752175364,63.85355875502042,-0.007408435669196578,23.816896521793584,24.037099627549424,-0.009203187934772039
1997-04-01,60.72514256695167,60.80062269660976,-0.0012422080075014108,39.001090948206816,39.48475291029838,-0.012324976348743188,11.335626070794124,11.160809081146985,0.015542063216328561,112.67980423437419,112.14214683460689,0.004782970899425365,63.87811400303164,64.31204046565306,-0.006770069383175148,24.053548811981496,24.101260938382566,-0.001981614806969567
1997-07-01,61.322504341341656,61.227036547240196,0.0015580280875990837,39.493965009861355,39.786702915558244,-0.007384883194462066,11.504847958139033,11.315054827201614,0.01663438350801183,113.06543239198503,112.42474882682905,0.005682600331142318,64.43715604548993,64.78866150321633,-0.005440187283203279,24.16248266536827,24.16807926171237,-0.00023159657765026154
1997-10-01,61.674091288131514,61.65189846822383,0.00035990499960458777,39.847331275631205,40.09309060681523,-0.006148581647226425,11.570375053257994,11.464487448503416,0.009193747137941521,113.27994154539496,112.66562863811542,0.005437720425215176,65.00709005209193,65.28175176622084,-0.004216203278341268,24.196405058934058,24.23754829093958,-0.0016989421286610629
1998-01-01,62.153112481622784,62.072809169045215,0.0012928593758214646,40.10601872127752,40.40276734808118,-0.007371865486390572,12.003215050051686,11.607651721777913,0.03351002290222027,113.717957477394,112.8603221390157,0.00757035878084622,65.6085115169283,65.78936953359741,-0.002752831772266262,24.244974736509104,24.309658761255843,-0.0026643827108840945
1998-04-01,62.57224260582199,62.48732062098753,0.0013581048213531233,40.68773486897039,40.71439154063805,-0.0006549379923166398,11.829641057119373,11.743108782132746,0.0073417538692117645,114.03291704869356,113.00477385462656,0.0090570884354495,66.28081266813939,66.30933880633978,-0.00043029046008769,24.277844826101326,24.384376014114814,-0.004378401000246779
1998-07-01,63.182185321548154,62.89297521314698,0.004587907950632797,41.055487332749166,41.026390448039,0.000708972229086946,12.06428866464973,11.86962853854579,0.016266824761166365,113.87069828213383,113.09550775284369,0.006830915995122311,66.86443255969037,66.83929901187257,0.0003759588130929359,24.462021745594818,24.46162480433442,1.622696950853708e-05
1998-10-01,64.00732564216199,63.287312922875714,0.01131265866492015,41.516221902351255,41.337126144934174,0.004323205774570127,12.375615590249874,11.98601544816514,0.031987460998268435,114.93830842114636,113.12975123776891,0.015860134881497068,67.47402943752276,67.37679415536539,0.001442116502047952,24.553507273664305,24.541262296653542,0.0004988302164097291
1999-01-01,64.36478231421471,63.66800535659578,0.01088445935289517,41.7307423128651,41.64493056857274,0.00205843675083095,12.672761001649402,12.09118726665609,0.04697802488529579,114.3362938595848,113.10529345759691,0.010824866612757944,68.08617690998062,67.9193029824053,0.002453930701132201,24.69686354797459,24.62314448603887,0.0029894203092948324
1999-04-01,64.72898777566414,64.03313487941466,0.010808452923414258,42.336153110581414,41.94820180633276,0.00920583765399341,12.559164871891214,12.184308917139422,0.03030169813793293,114.65504065308676,113.02113491602356,0.014353138033081692,68.82469504336977,68.46428281898882,0.005250429538476098,24.69827173057381,24.70713350728109,-0.0003587371365401104
1999-07-01,65.3940204752823,64.38119488930366,0.015609238597495967,42.76942166005592,42.2453498465834,0.012329115110705668,12.784528417300177,12.264924428891275,0.04149220627299899,115.05459336194328,112.87713631085012,0.019106802703483083,69.49030542861276,69.0092142319341,0.0069472173304019336,24.811943760643505,24.79313622428303,0.0007582907745491418
1999-10-01,66.2704650124136,64.71110260637576,0.02381153489244614,43.28953190429519,42.534990488162116,0.01758380556980077,13.073781508613639,12.33284518306374,0.05834276970922492,115.19215194771783,112.67426523685894,0.022100573015871205,70.18728985765416,69.5517263196451,0.009096499144386705,25.037356567765745,24.881052861193247,0.006262387731510444
2000-01-01,65.59143705712238,65.02240847033417,0.008713198582154469,43.40037943590863,42.81603955782941,0.013555395422710337,12.79180633494719,12.38824483279372,0.032056810250619794,114.13041062538333,112.41491927182344,0.015145085046912143,70.15795337959179,70.08968038331147,0.000973606467953303,24.93406755011884,24.970794252064078,-0.0014718689622350567
2000-04-01,66.57913151444122,65.31564792680128,0.019159548900943513,43.60708578905597,43.08786744259765,0.011978195617785126,13.48631979502132,12.431796210242387,0.08141842200679639,114.08188938946886,112.10311229996273,0.017497425201930206,70.82320863086886,70.62127759534194,0.002855271040994367,25.233041932835967,25.062368190399916,0.00678687765521202
2000-07-01,66.4353390498691,65.59174379024562,0.012779298339494538,43.91167900054734,43.3502064869269,0.012868854692523524,13.263476494824399,12.464469338122816,0.06213198557454502,113.71097340912706,111.74395259306856,0.017449791522021307,71.63136455121379,71.14471442129823,0.006816996488870686,25.131897716358605,25.155759583128926,-0.000949014921061142
2000-10-01,66.63151478305718,65.85244138858816,0.011761158066150301,44.17482816435015,43.60311990656112,0.013026423028840384,13.199103620253135,12.487911725139616,0.05538780531662946,112.93839846734312,111.34377020946647,0.014220079448104883,72.36744702792949,71.65827029256002,0.009847997705755063,25.22762075826516,25.25106034972993,-0.000928692772272921
2001-01-01,66.24479502924542,66.10005702182838,0.002187286666293531,44.25901225851564,43.84703569422098,0.009351902086622843,12.472556767791223,12.504292752627677,-0.0025412333840906243,112.62351217131972,110.91007024601497,0.015330810398745953,73.09620290455047,72.1604930093162,0.012883713656360207,25.038798358340284,25.3483489076775,-0.012287039872759475
2001-04-01,66.4615819026887,66.3374410535305,0.0018696054015325814,44.15879565564767,44.08276007413711,0.0017233513099390585,12.372006257779756,12.51624158462916,-0.011590767059558527,111.19201989136367,110.45126405799742,0.0066842412563925535,73.58621711956934,72.65034927318865,0.012799543181777118,25.27131584703569,25.44769026500369,-0.00695499152888468
2001-07-01,65.98437440040996,66.56758364867503,-0.008799764564572321,44.02065326778695,44.31138397584068,-0.006582702424919873,12.10920564697245,12.526384788580287,-0.03387124220829829,109.5115089765585,109.97670496072305,-0.0042389217388087985,74.0166165733453,73.12738036303031,0.012086759290145466,25.2877872371047,25.54895440867287,-0.010274831186035893
2001-10-01,65.95425047005078,66.79359915148149,-0.012645927892293685,44.46656909322486,44.534075621308524,-0.0015169899329610104,11.446157855814612,12.537268754283728,-0.09105159354984904,107.90907428841246,109.49605791834865,-0.014599580076374075,74.3653870546915,73.59171854929171,0.01045810613421061,25.477635342026733,25.65189787003483,-0.006816537989760452
2002-01-01,66.33693545175119,67.01827785937812,-0.010218548183327236,44.40126990904033,44.75184764773033,-0.007864661501842285,11.766118294079936,12.55118337410194,-0.06459088360704612,106.75985710041527,109.01853603460142,-0.020935937111666192,74.584469128805,74.04407274865657,0.007271803310821667,25.77787276291667,25.756107908474206,0.0008446797803305373
2002-04-01,66.57756253883764,67.24391694027403,-0.009958938004047901,44.68864464654853,44.965693585124505,-0.00618039965310313,11.822151655226206,12.569714872295418,-0.06131530861369994,106.71463778254812,108.55220261102038,-0.01707285209086873,74.88042729677657,74.48566888558636,0.005285795644347502,25.842658367247,25.861054873908998,-0.00071161262064523
2002-07-01,66.64389803197545,67.47241376319681,-0.012355339329267245,44.88092820754083,45.17640657599234,-0.006562029166007122,11.72936221497016,12.593954488685133,-0.07112160726822081,106.00784304853626,108.1035697454186,-0.019576664322952908,75.13745009951114,74.91811347672918,0.0029234074867261484,25.949245551581015,25.966214122601393,-0.0006537001398476683
2002-10-01,66.52005754430026,67.70527015613824,-0.017660503229611102,44.94007206716696,45.38462123211873,-0.009843437894843543,11.681784259018436,12.624524803054562,-0.07761060745559689,105.84195183009464,107.6778971543557,-0.01719737608595917,75.3589064658445,75.34330791480271,0.00020701157128488745,25.900712786502364,26.071040837361302,-0.006554662823841095
2003-01-01,66.39498065502193,67.94348428128183,-0.023054785018951307,44.962917629951804,45.59079827055671,-0.013867806460640342,11.647336036174964,12.661500265856832,-0.08348842666620193,104.55863633294291,107.27905804996604,-0.025685431366401446,75.25539231570471,75.76334161866568,-0.006726996117942363,26.070354699072066,26.17497075540487,-0.004004805989672011
2003-04-01,66.78142463164359,68.18731621487254,-0.020833600802903085,45.22705410820862,45.7951260761727,-0.012482217906333748,11.643372363885982,12.704349122320309,-0.08720726309281801,103.90991961795537,106.90973319907488,-0.028460497166088672,75.45818471608634,76.1803648374647,-0.009525092182987471,26.303600610538375,26.27732317463052,0.0009995046189312795
2003-07-01,67.6654337184335,68.43604424593894,-0.011324179194541095,45.75270698376576,45.997398573938476,-0.0053338831342886195,11.959252643291558,12.751875015072356,-0.06417306224691988,103.7172009900231,106.57087428654485,-0.02714227597665797,75.62812511993283,76.5962557972232,-0.01271995622293609,26.662968053685415,26.377341194667256,0.010770284868140578
2003-10-01,68.2161227773504,68.68804213788123,-0.006894183679603927,45.85578926147679,46.197046472219604,-0.007414410894853063,12.350227905146761,12.802171276035802,-0.03594027071841399,103.85182294526878,106.26155228057993,-0.022938425435074628,75.86315904582023,77.01247670170196,-0.01503626531740121,26.82815638453521,26.474273805279577,0.013278485714112165
2004-01-01,68.57804447373826,68.94117179979865,-0.005281126229152555,46.29276978923978,46.39333694943439,-0.002170059854682105,12.38909133027931,12.852787893924972,-0.036744390544090066,104.27047642879685,105.9790727575376,-0.016253389830262144,76.42187834396711,77.42990662435345,-0.013104075525260939,26.83105923453336,26.56753919459677,0.009870003594190546
2004-04-01,68.91816223935855,69.19296533363394,-0.0039794542518638565,46.354518823706634,46.585310225719596,-0.004966479468779372,12.87353239605396,12.900946597980221,-0.002127236967262025,104.08782054513075,105.71927332007705,-0.015552244953814132,76.78632823690032,77.84871231754215,-0.013740751027093268,26.94996338419526,26.656770499757187,0.010938767827437967
2004-07-01,69.35227200422973,69.44068968012135,-0.0012740946915377194,46.68458105288687,46.771929118252515,-0.001869277820025328,13.065698427823838,12.943531303745381,0.009394205348371543,104.34542497621966,105.47697535659722,-0.01078589653463169,77.22829781824781,78.2684231371209,-0.013378299243986369,27.021846023952396,26.7417631970073,0.010419142791222136
2004-10-01,69.82936579080861,69.68140026366176,0.002121206653975527,47.09441750072339,46.95199673394488,0.003028735902567803,13.322827425796937,12.977373375607089,0.026271580344074508,104.59246628923431,105.24603392683217,-0.006229264413622815,77.69216170078742,78.68788253165214,-0.01273479992256732,27.109069743149874,26.82249605007807,0.010627408495603063
2005-01-01,70.40868674581135,69.91205849204131,0.00707850185037362,47.160879042593,47.1242462940747,0.0007770631948744722,13.710101194630226,12.999362338133635,0.05323256928298781,104.59123972357858,105.01965435180374,-0.004087719072640716,78.2451802041671,79.10524794384416,-0.010931985571564162,27.26640839479467,26.899125280475626,0.013561714197534158
2005-04-01,70.55680732100576,70.1296833053658,0.006072016240564082,47.507649452026946,47.28748672830352,0.004645029870785411,13.52137663135817,13.006608371493778,0.03881432270616747,104.82817771127615,104.79069354012299,0.0003576411925978462,78.87005045955563,79.51800560969433,-0.008181914481762753,27.207758073295473,26.97199043870273,0.008703219533913398
2005-07-01,70.8745183175082,70.33157543151617,0.007690115168282219,47.82307364621155,47.44053957917273,0.008031106739778249,13.649370676383441,12.996692112888914,0.048998544045662396,104.74893376936585,104.55180379353651,0.0018837012847150447,79.38679319534488,79.9230451637167,-0.006732214397552561,27.28128257924165,27.041666031450397,0.008821984372303415
2005-10-01,71.02529530916266,70.51528319074443,0.007206616379912489,47.73662066084156,47.58235672021823,0.0032367966913868784,14.100698679290826,12.96757810518225,0.08377209750513659,105.06807123115058,104.2957299811534,0.007378016152387978,79.90870187130253,80.31678607724287,-0.005093884794079351,27.222808575115963,27.1088815566801,0.004193765558750506
2006-01-01,71.80158763058482,70.67868350246195,0.015762566546045242,48.04748477709133,47.71212578861236,0.007004213102540735,14.307033233383596,12.917724301118968,0.10215090570116425,105.93686180159156,104.01541792135477,0.01830413586752666,80.59789663917644,80.6952446987315,-0.001207094989506885,27.291281782893858,27.17452466151958,0.004287361478459317
2006-04-01,71.77675918607969,70.81997044470286,0.013419706085818994,48.157516275704786,47.829132269363555,0.006842311769124532,14.139121165638805,12.84638129352527,0.09588334589505854,105.86699119346115,103.7043830805833,0.02063912485788766,81.27859627263548,81.05411550168385,0.0027656892019667367,27.213324993505076,27.239563559410417,-0.0009637162925009157
2006-07-01,71.6538153655517,70.93804343568303,0.010039534485323465,48.32187219520508,47.93287539331563,0.008082695750500246,13.996946575470572,12.753739768565223,0.09301466029797734,105.93074382155064,103.35742716007755,0.024592372707877175,81.87066370673384,81.38897190631548,0.005900946628537795,27.087186552236062,27.305049111105127,-0.00801083909477951
2006-10-01,72.04102761245075,71.03241343495704,0.014099484559092268,48.374541538391135,48.02306706168117,0.007292214803355623,13.728279057215214,12.640858058083765,0.08252359937660847,106.09213788209276,102.97078742925369,0.029862611046326037,82.4082261874353,81.69547933782529,0.008686596431592974,27.14437970737846,27.37202584728538,-0.008351521372062631
2007-01-01,71.96228727031807,71.10305908587416,0.0120118328775769,48.45595495747103,48.09967203156241,0.007379881505134911,13.487160184424344,12.509598760938173,0.07524188491588557,105.60462599423353,102.54238189102644,0.02942598209418179,82.78360012635294,81.96957215922227,0.009881868495392077,27.152782392237025,27.441411274036305,-0.010573709457011304
2007-04-01,72.20161640719624,71.1506101312592,0.014663533779160964,48.52206252827499,48.162886389733245,0.00742985945287522,13.531920623267043,12.36249100728711,0.09038441551757703,105.76829317203268,102.07212474152432,0.03557111933235557,83.19438778941128,82.2076168859828,0.011931930482113273,27.168567419628978,27.513988964540594,-0.012633869455593416
2007-07-01,72.38936581879004,71.17625549536531,0.016900135083605328,48.701801243399345,48.213141303750106,0.010084390868650317,13.350317943678268,12.202610942929958,0.08989026001098388,105.1586268241298,101.56186007879167,0.034801870067309615,83.57160982655832,82.40649556903824,0.014039603509126586,27.2985019773236,27.59036919857888,-0.010634941688327793
2007-10-01,72.61725260752908,71.18185925223212,0.019964532649924926,49.03873335574902,48.25110474586039,0.016191738686305968,13.040753699411312,12.033629235145233,0.08037418731615054,104.5446388333765,101.01570055100701,0.03433819030505614,83.89129757592305,82.56373237106376,0.01595137563192406,27.452161675458054,27.670951674465247,-0.007938272519529832
2008-01-01,72.34794145340183,71.17005584667774,0.016414834054098826,49.216273818745016,48.27776097048962,0.019253318248031004,12.611975017643699,11.859732421325166,0.0614979289653097,104.24703490205253,100.43990853305466,0.037203794461446726,84.43270064294592,82.67762123371575,0.021005811297781563,27.33945352886493,27.755957710644164,-0.015119666300069223
2008-04-01,72.59023534230572,71.14437985332495,0.020119082066536897,49.464843581660034,48.29459364466976,0.0239425649968128,12.405899254901277,11.685483614741633,0.05982475105380303,103.3774505475415,99.84278906407425,0.03479001891224254,84.58273617235007,82.74733973427611,0.021938316117499745,27.563643168161235,27.84547480756957,-0.01017284086755943
2008-07-01,71.99281503752457,71.1090999430621,0.012351006324231584,49.0892457544151,48.303676433773624,0.016132309002403922,12.071648184215292,11.515633992646679,0.047153988179939876,101.93453264113799,99.23478620242682,0.026842150182662117,84.6415455210726,82.7732200796112,0.022320647793761417,27.58098892843512,27.939329242395726,-0.012908618022335894
2008-10-01,70.20292426486482,71.06937529012693,-0.012266550376999419,47.609963611720524,48.30781193704013,-0.014551226500242986,11.091187287554927,11.355086367418258,-0.02351492671761024,99.02826905689861,98.62824941889896,0.004047629566898969,84.61052541199973,82.75679987365962,0.022152488145927407,27.409240085528598,28.037168221442705,-0.022650880446581922
2009-01-01,69.37976267474554,71.03090372830289,-0.0235198252427109,47.187640791960504,48.31029306816732,-0.023512634280370648,9.686972959733627,11.20880518507921,-0.14591765762183817,96.3291506123383,98.03687596290033,-0.017572713976121257,84.56213327960565,82.70083565418265,0.02225686261879023,27.584334504888393,28.138408237504258,-0.01988746307483069
2009-04-01,69.09517004066869,70.99882676294047,-0.027178522217512047,47.11089005313012,48.313974643527395,-0.02521666328811678,8.953974028817287,11.081357636018335,-0.21316674483671383,93.75074859430795,97.47428394796421,-0.038948939010051475,84.00037467030977,82.60927969133614,0.016699240046053276,28.02524898112059,28.242058387552,-0.007706445877111445
2009-07-01,69.15171505187224,70.97723441054994,-0.026056323809463322,47.5695608488511,48.32100236460976,-0.015673218993280447,8.812936151320107,10.97615590289453,-0.21950461560150725,92.32975268666245,96.95272573837855,-0.04885705898086101,83.24533603108003,82.48726399656347,0.00914819801624489,28.417685360245677,28.346761195002884,0.0024988952224096472
2009-10-01,69.70835079658777,70.96900983889826,-0.017923179455676674,47.602205851969174,48.33276192415166,-0.015230529832082507,9.509549514901286,10.895125097353695,-0.13601894460511055,92.07351315205308,96.48187392319174,-0.04676784173457449,82.4782830683674,82.34078801459886,0.0016684366045787158,28.791360083192746,28.451002014976456,0.011891964860210269
2010-01-01,69.97045726010097,70.97588558971135,-0.014267065944839175,47.873198445481975,48.35016789192017,-0.009913877910628255,9.658978946257616,10.83877662319095,-0.11524218851068246,92.3650615022312,96.06833606030901,-0.03931098732459848,82.04716658074993,82.17630498969307,-0.0015727159379368416,28.89323949584238,28.55328851491452,0.01183552639446317
2010-04-01,70.4953598611698,70.99880848853248,-0.007116204968751205,48.03855699923235,48.373677458074276,-0.006951852332351738,10.112024377314926,10.806844776415502,-0.06645446084036877,92.8668720124304,95.71588963013971,-0.03021733665483417,81.58136320143312,82.00031813850757,-0.005122283249319182,29.065511262372514,28.652320318618745,0.014317862994205122
2010-07-01,70.86067796436805,71.03810360640252,-0.002500736546629412,48.20613901709219,48.40345097469624,-0.004084733864773149,10.466494868339888,10.798449341358722,-0.03122335405931631,93.06724258244856,95.42601223157534,-0.025028935781345574,81.21524928084811,81.81920249234514,-0.00740893679374377,29.221196905486924,28.746992921906642,0.0163611995891233
2010-10-01,71.05140264178706,71.09379168572835,-0.0005964189700309319,48.40713202689017,48.43944109596685,-0.0006672217556800142,10.388619604401946,10.81241993081591,-0.039984528797536,93.27654714315462,95.19847748650051,-0.02039524301030049,80.94760892961186,81.63901817857742,-0.008505169572469384,29.290915696942687,28.836447497732728,0.015637298337110028
2011-01-01,70.8417540794106,71.16579357183139,-0.004563701862157821,48.72250837266053,48.481478940151746,0.004959260070844351,10.179770501943842,10.847512503362152,-0.06353332448401883,93.38352268831078,95.03169097507406,-0.017495512125155877,80.8283937729371,81.46539523872248,-0.007850019902956085,29.19779542142934,28.920113421050438,0.009555887985320144
2011-04-01,71.18274420497853,71.2540143583381,-0.0010007270598721973,48.8338618459598,48.52937706578121,0.006254635244541618,10.511419560946997,10.90232251593649,-0.0365135979815725,94.13925553414106,94.92297418377059,-0.00829063679029396,80.55181952154662,81.30348454629419,-0.009288177893576055,29.220063835694134,28.997700735516485,0.007639049116671348
2011-07-01,71.0019262880755,71.35816604311947,-0.005004780381861806,48.80134155888376,48.583099989219335,0.004482069857332682,10.539972344717766,10.975090806317777,-0.040453313582222705,94.16519778104053,94.86873148036746,-0.00744349916849707,80.33755928577018,81.15800131566074,-0.01016063952796209,29.167797505350368,29.069094282228342,0.0033897179125532695
2011-10-01,71.63232238450935,71.47792472769832,0.002157745092767449,48.874790916252856,48.642804254917834,0.004757851104797872,11.322510275929584,11.063846942173877,0.023110043608165487,94.82967909811315,94.86498127794806,-0.00037220004160865017,80.13661567051453,81.0331643431745,-0.01112563311115533,29.31826064417924,29.134321301339902,0.006293646708825484
2012-01-01,71.63534830111672,71.61275028627924,0.0003155087606439011,48.85698371918613,48.70878570472805,0.0030379123602188862,11.447127872930965,11.166340440339228,0.02483492230419415,94.74496120939605,94.9073860148832,-0.0017128693377772564,79.66093267039844,80.93266571523694,-0.015838235670666556,29.39773112522387,29.193475497478413,0.006972256315038727
2012-04-01,71.79721565706198,71.7622045067694,0.0004877583226061688,48.75218736664905,48.78148908523382,-0.0006008533776693525,11.68125366353774,11.280445196875217,0.034914592748009454,94.65979609550914,94.99165007763494,-0.0034996234146031924,79.7212343814067,80.85963627066903,-0.014178786756001927,29.47357940712949,29.246770572950204,0.007725088906803457
2012-07-01,71.72473060566077,71.92586818504581,-0.002800374137292394,48.60626800638146,48.861457087457005,-0.005236393153377872,11.620959374060165,11.404152806866657,0.018832739957013622,94.9720826231118,95.11341999560241,-0.0014870928775749803,79.81744650192309,80.81642112014087,-0.01243806815937365,29.36845579505137,29.294553345880402,0.0025195600890142167
2012-10-01,71.63042033808927,72.10334810034793,-0.006580631316663421,48.707892244422275,48.9492204766141,-0.004942368593773061,11.508917563578297,11.535633452995484,-0.0023186306703739668,95.2854501572871,95.26815920723404,0.0001814812131684107,79.89264610672166,80.8046753929483,-0.011351017805083963,29.25746106297799,29.33731801779591,-0.0027257378733436255
2013-01-01,72.14172284608306,72.29412783320515,-0.002110349237637976,48.8695863940065,49.0451566367347,-0.0035861898925051428,11.901082481640461,11.673116799899205,0.01934087221559322,95.66106779979697,95.45124976928317,0.002195757107476659,79.91988698163098,80.82546038040226,-0.011267299414607912,29.387538699632575,29.375610854694532,0.00040596343770937793
2013-04-01,72.17713738411223,72.49739386325862,-0.004427275478152026,48.82232910041228,49.14949774141641,-0.006678855906244063,11.99555642323148,11.814732132406345,0.015189044588252987,95.84218322681106,95.65807630205143,0.0019227857125043712,80.08529548263368,80.87930313203917,-0.00986569837622664,29.344595507543744,29.4099332121903,-0.0022240917595111043
2013-07-01,72.61490077713918,72.71223327114097,-0.0013394953281427036,48.863086742658666,49.26237137549032,-0.008138292432263494,12.388227298288541,11.958660736108515,0.03529084653998238,95.99378173233443,95.884133992388,0.0011428907956130274,80.24829014068865,80.96620202392391,-0.008906353506741738,29.471280658664444,29.44079809723383,0.001034849382153702
2013-10-01,73.06845232630278,72.93752518364711,0.001793449555724358,49.09431669990045,49.38370408313226,-0.005877214304743195,12.47114152473885,12.103107829647271,0.029955032132448878,96.02902121196473,96.12500329922173,-0.0009990120736098618,80.50208217265332,81.08569575230062,-0.007223518076029833,29.61553577862863,29.468681115776995,0.004971038730265054
2014-01-01,72.66279247801337,73.17207725482913,-0.006984431749233799,49.20594521568686,49.51317367292048,-0.006224315058347418,12.349081411578705,12.246461040542785,0.0083446800753606,96.1946105633415,96.3762963486939,-0.001886950029729384,80.79476294550821,81.23690729146129,-0.00545751880144163,29.380811051688458,29.494079803696103,-0.003847782649320841
2014-04-01,73.44142026507086,73.41476680533879,0.00036298722657068794,49.51199585096096,49.650275711169364,-0.002788962932414929,12.824400055484018,12.38726526484426,0.03468066054325991,97.00158346434729,96.6335225900209,0.0038015969841254105,81.04143394270722,81.41862246263308,-0.004643469982844373,29.50333714771597,29.5175858700468,-0.00048283631902412694
2014-07-01,74.15167848190505,73.66413660895036,0.0065966370462815505,49.81055639093722,49.794309497412016,0.0003262269071773183,13.086108474854083,12.524068949214298,0.04389893697944025,97.53732988480436,96.8920304141866,0.006637905294183177,81.37589300502815,81.62937165822699,-0.003110069580114505,29.63945463605726,29.539722343146007,0.0033705229582037255
2014-10-01,74.34420127071483,73.91872756200891,0.005739464072802569,50.1445981032363,49.944481573388565,0.003998773835321323,13.165473194816066,12.655639768474677,0.03949478837874176,98.2810114017897,97.14734931560923,0.011601947623059772,81.76352339461882,81.86746267532801,-0.0012704109066987712,29.520913415930472,29.56100516091496,-0.0013571580647306902
2015-01-01,74.696272959648,74.17736675704057,0.006971124035323406,50.11762237900704,50.10000093900965,0.0003516635017990488,13.572890817669808,12.781057258345703,0.060110308103352494,98.35829928051515,97.39536600570455,0.009838293861951897,82.0104557177135,82.13105016519772,-0.0014693964032286289,29.614291612573137,29.582014185792946,0.0010905217663048639
2015-04-01,74.99044988617958,74.43913207620247,0.00737899824548105,50.31204832984298,50.260193628360604,0.0010311932013795655,13.501328548641775,12.899699001213706,0.04558411375668525,98.40811015590883,97.63263474666967,0.007911411012013758,82.51465704500414,82.41822176381977,0.0011693883338503852,29.657449283114097,29.60330585233654,0.0018272951709521479
2015-07-01,75.09950095295126,74.70341386405974,0.005288121561552117,50.53461688401411,50.4243890067695,0.0021836174013589726,13.482679047939943,13.011426360856829,0.03557790592069088,98.28171774633006,97.85628152007088,0.0043381384031278,82.9582615310044,82.72698068764589,0.002791811636117636,29.6696687629266,29.62545839762618,0.0014911975270126554
2015-10-01,75.04583201956135,74.96993949147323,0.0010117940773577416,50.57303682406665,50.59194083537251,-0.0003737264014338493,13.339532599211397,13.116487898106735,0.016861945345963747,98.74389095193487,98.06389667139464,0.006910265032296081,83.38049243246162,83.0553755969332,0.00390681711706975,29.50571650404289,29.649085700358945,-0.004847264184472344
2016-01-01,75.23036791479163,75.23868103089923,-0.0001104960279114664,50.85420709091037,50.76226387520159,0.0018096129480813516,13.1745678634492,13.215450915882307,-0.0030983748424850965,98.66536934295391,98.25332452935707,0.004184929392541115,83.68728771664786,83.40158112884548,0.003419819264146362,29.55555234130778,29.674831418951563,-0.004027636875376661
2016-04-01,75.29285607067105,75.50965783347316,-0.0028753089926008,50.96240622307909,50.93475325142872,0.0005427623786933289,13.0629109732274,13.309054377875688,-0.0186675925979638,98.68383528541854,98.42282808393402,0.0026483869147853056,84.02237777268607,83.76395474664272,0.0030803847548979135,29.535166367803434,29.70325182279222,-0.005674895151290826
2016-07-01,75.62539787478003,75.78288422474587,-0.00208028787562764,51.22565171565986,51.1088536971398,0.0022826722768529706,13.055751743938165,13.398043526741366,-0.025879907499616994,98.90212101931701,98.57092840509995,0.003354310127017257,84.29314435821279,84.14101176808889,0.0018064344547763511,29.589698601636243,29.734831072989426,-0.00489284151723135
2016-10-01,75.84214711366448,76.05823798268096,-0.0028451674385197023,51.339092316159366,51.284019710321544,0.0010732984030039638,13.353070103850149,13.483034773381718,-0.009685882969372006,98.72604910753915,98.69631505358913,0.0003012227545866608,84.5516607916094,84.53140836536977,0.00023955593469437986,29.67707052825724,29.76995068091673,-0.0031248068060256706
2017-01-01,76.29741509211681,76.33549577541523,-0.0004989839199431856,51.83019910444749,51.45977166319116,0.007172604011673744,13.30885866439758,13.564447201649427,-0.019022314969815213,99.18345297328462,98.79789370873802,0.0038949098834777374,85.19831481720541,84.93387515691431,0.0031086400908080236,29.68638250917834,29.808903935551083,-0.004118699375882606
2017-04-01,76.56657442341279,76.61429468530861,-0.0006230577449679586,51.94888743495607,51.63565794121926,0.0060478220438415775,13.522065293611007,13.642632460112084,-0.008876812051827443,99.60635382461635,98.87460127660924,0.007373562496660213,85.54045710015978,85.34713378009896,0.0022625797641335765,29.66718861518366,29.851928704419517,-0.006207776285154232
2017-07-01,76.99326925904204,76.89424241811517,0.0012870031299669904,52.09777164661322,51.8114530078394,0.005510951782470297,13.68470612689094,13.71779127902691,-0.0024147556861420227,99.60376177548905,98.92563070425189,0.006831569876371901,85.90310748016886,85.77004915971183,0.0015501357312395214,29.78888341777192,29.899188783387487,-0.003696064795535303
2017-10-01,77.68343880392909,77.1749108142958,0.006567677090782986,52.5385440384852,51.9871247946286,0.010550984566490396,13.858064460212438,13.790055729780367,0.0049196015591412845,100.0,98.95064902598376,0.010548954830317925,86.29446734589393,86.20158647855466,0.0010769043610716622,29.93079210415561,29.950734450459592,-0.0006660600752406154
2018-01-01,78.0118349639734,77.45592771826917,0.007151445487471264,52.74740629377812,52.16282052101122,0.011144610798786037,13.990305948430525,13.85954277386622,0.009390653199289112,100.19228420686723,98.94976583051718,0.012478876260090033,86.57704086095636,86.64077440532826,-0.0007358775094807868,29.98548350014272,30.006548710116,-0.0007022669532243953
2018-04-01,78.26773264576326,77.73723464523584,0.006801066075837525,52.82759505000047,52.339034589678946,0.00929123575902624,13.929088156560725,13.92641726805111,0.00019176737072879035,100.4810575111343,98.92376331991619,0.015619741253068753,87.04433627395457,87.08668044771906,-0.0004863484449391109,29.9710973901303,30.066603596725994,-0.003181543782891705
2018-07-01,78.56976830119496,78.01912101106689,0.0070330604209525305,52.89503403030972,52.51663390635654,0.007179504067313047,14.312251402109213,13.990931770918824,0.022706522780188365,100.68178092035278,98.87421355288731,0.01811638692646156,87.44943529809483,87.53831242867395,-0.0010158098424168926,29.998963033418736,30.130859320040663,-0.004387057636366265
2018-10-01,78.48705665657575,78.3022132947276,0.002357858385868994,52.90236479299425,52.696803162610735,0.003893248289946527,14.265794263147738,14.053347231920112,0.015004057717422192,100.7522564419915,98.80366760504775,0.019529871449145197,87.92724348307442,87.99463044376232,-0.0007661010251833744,29.896684350418653,30.19921726461254,-0.010068422697222523
2019-01-01,79.07305970255727,78.58749250919705,0.006159673067392291,52.99924675276098,52.880980676590845,0.002233960546292657,14.422979125732605,14.11413119783579,0.021646199193238846,100.90519216059239,98.71580160434273,0.02193635358156243,88.70238198390997,88.45451626379858,0.002798263960379188,29.997924844102485,30.27149638962089,-0.009078349146706799
2019-04-01,79.58736847102647,78.87607018011082,0.008977503886766769,53.37577033811192,53.07075435461837,0.0057308929376564954,14.520500440809457,14.17389340314812,0.02415969465407608,101.03651771750826,98.61549297919188,0.024253634181683026,89.21981458493894,88.91678522845552,0.0034022166034359813,30.106172502005005,30.347324276223514,-0.007978134142465176
2019-07-01,80.34260161556446,79.16937895686897,0.014710416247944558,53.82132069213286,53.26781013249489,0.010337472804806236,14.574533348845307,14.233447154874836,0.02368108612800235,101.10241967589056,98.50895623570459,0.025986588935223764,89.71150583373877,89.38038385825196,0.0036977928298220775,30.320602976862148,30.426153216151867,-0.0034750940503061045
2019-10-01,80.70874528914918,79.46931887206136,0.01547591626577205,54.09613790024979,53.474052192547056,0.011566264636894807,14.27952569414298,14.293835530854345,-0.0010016209010230703,100.63886699570293,98.40387315700482,0.022458370261690952,90.19442116806458,89.84442758018952,0.0038879834124214696,30.492552522793655,30.50727844895908,-0.0004828185985732425
2020-01-01,79.76430526931333,79.77855281976225,-0.00017860467911212652,53.18453764437535,53.69176399118739,-0.00949191069142552,13.963276259216343,14.356331891994671,-0.027760332859102288,99.3011516632365,98.30948992583055,0.010036605861680314,90.92556280999044,90.30822224396988,0.006812669652366488,30.313215274062433,30.589921683398927,-0.009086832867413186
2020-04-01,73.36321487531868,80.10056141973094,-0.08786021277400291,48.49627068394269,53.92366071416752,-0.10608245401032113,12.020640021907372,14.422223263589336,-0.18214512503505542,85.57605099766705,98.23639842434811,-0.13797133679898543,91.2710236134851,90.7712802607469,0.005490422802702177,30.670204837502578,30.673287097549334,-0.00010049183547033991
2020-07-01,78.90343667124252,80.438875855822,-0.01927280566005596,52.63712270771523,54.17219057656475,-0.028746062061811628,14.217906524595692,14.492570197946668,-0.019133924918578682,92.44940663154195,98.19578525568384,-0.06030175488704703,91.08879312129159,91.23349302897473,-0.001587298416662719,31.392745989176834,30.756395528999526,0.02047888946251364
2020-10-01,79.63777022435328,80.79265632195731,-0.014397593675465892,53.182126579805114,54.43624823537258,-0.02330788646699178,14.65557640417639,14.566798163021376,0.006076064358225608,94.27516969394163,98.19037696965562,-0.040690373228073895,91.4567199246515,91.69506502406689,-0.0026027071920662337,31.240585590835366,30.83825526295799,0.012962096440181092
2021-01-01,80.79763368796655,81.16007653160625,-0.004475778870966174,54.34583104393572,54.71373368953159,-0.0067468459473345455,14.45956654297715,14.644147985896335,-0.012684560771748732,95.29316663161785,98.21923365344094,-0.03024395390453538,92.16034203120277,92.1561140566222,4.587734238192809e-05,31.39076305517199,30.918259920949648,0.015166734097341372
2021-04-01,82.08083894007363,81.53854750086653,0.006628718475090167,56.15817313777424,55.00170981377073,0.02080795731805196,14.189419526837215,14.723901558762877,-0.03697554659156932,96.93026255958982,98.27895142154043,-0.013818101044051012,92.63267547265147,92.61661019898865,0.0001734449193131482,31.481796881256106,30.996048343787475,0.01554977843217209
2021-07-01,82.63208960543547,81.92520508963808,0.008591401130637166,56.44035352633052,55.296948087781956,0.020466672000647,14.66165110269895,14.805208297725917,-0.009743714377611123,98.16155282923972,98.36429006316953,-0.0020632126835273823,92.98412674395463,93.07652611437845,-0.0009932178201053077,31.392617472558275,31.07155086404099,0.010280115612187668
2021-10-01,83.91858152271404,82.31747259306958,0.019263672380707142,56.867703954238955,55.59687473045946,0.02260059712610918,15.632450063027138,14.886854837566887,0.0488702881266172,99.45975920278953,98.4691636508326,0.010009692455595243,93.43776402975867,93.53584458359364,-0.0010491380420880603,31.556459452896537,31.145000490320143,0.013124570599531982
2022-01-01,83.2922494506878,82.71316794747473,0.006976686196699333,56.56866956929727,55.899574971827334,0.011898514004255567,15.880707571145441,14.967509741509769,0.059223177541951166,99.7018685306231,98.58734737514833,0.01124148771573541,93.80020217087068,93.99449021933093,-0.002069154514498628,31.229133064389874,31.216833605111095,0.0003939232617833355
2022-04-01,83.3057818218252,83.11106735092588,0.002340082277987321,56.71524437292623,56.20388576775591,0.009057138505505158,15.49910391989989,15.046272543160832,0.02965192166623698,100.31193913616112,98.71321132375586,0.016065931329971583,94.54576465488665,94.45232474609011,0.0009887921799185406,31.024515771492634,31.28774770013238,-0.008448850349222159
2022-07-01,83.75065897836045,83.51028727887736,0.0028742138597177558,56.900951579242054,56.50903865577106,0.006911463139056551,15.303360950224292,15.122784639879319,0.011869951125289102,100.77235593300725,98.8417940824934,0.019343538991781095,95.12550714611898,94.90908500348368,0.002277714112502771,31.031028620088414,31.35845455663181,-0.01049628642406697
2022-10-01,84.16577013600484,83.91004978964823,0.0030429188896636816,56.9416278961324,56.814569978499385,0.002233864577815048,15.528764321590813,15.196963403136527,0.021598435023389317,100.81766297927521,98.96910278314814,0.0185058599317518,95.62983346754312,95.36456227688974,0.0027777920937595013,31.118080969343016,31.42950650221892,-0.009958117298533242
2023-01-01,84.32253679039822,84.30971349716835,0.00015208589380399928,57.276872336100894,57.12025285743235,0.0027381732934168568,15.131211224626083,15.26883966533532,-0.009054549381746213,100.71734650510693,99.0923220587213,0.016266082494659884,95.84504246570074,95.8186809238171,0.00027508118473029697,31.17168702780905,31.501254231207433,-0.01051714614210919
2023-04-01,84.69120556662166,84.70878607194621,-0.00020756205732475053,57.50600738469905,57.42593589295203,0.0013933725023411725,15.261773896154565,15.338653663006998,-0.005024761726628135,100.28522351421299,99.20977039027795,0.010781859947300632,96.28498420986838,96.27153171555284,0.00013972515313565026,31.345312499003228,31.573855140506698,-0.0072646748263749394
2023-07-01,85.47837957509037,85.10677428967317,0.004356837213749465,57.73239293241959,57.73156349327997,1.4367065971576665e-05,15.49366924334046,15.406564374862995,0.005637827873624879,100.12521105088734,99.32076893301593,0.008066810674742797,96.71056071875422,96.72322447357683,-0.00013093632870919691,31.620663441095285,31.647260072782586,-0.0008407620094623702
2023-10-01,86.00489430728318,85.50316505082444,0.0058508117881101995,58.06513916612637,58.03712971116945,0.00048249626421892344,15.616142324051992,15.472686288319338,0.009228849096818426,99.87662144786829,99.42530706889639,0.0045289591902824,97.17576678419633,97.17388022466776,1.9414077232937643e-05,31.81340676907497,31.72127540109073,0.002900193387756822
2024-01-01,86.22009031126592,85.89767024780602,0.0037465098261275642,58.39625615438281,58.34262929190862,0.000918748984819473,15.482254886935978,15.537191720710197,-0.003542093571655247,99.84329731381705,99.52387726328524,0.0032043421844276665,97.91490275978501,97.62361487050411,0.002979342466932877,31.81543761228047,31.7956889806918,0.0006209175432316805
2024-04-01,86.80882210940908,86.29031278758431,0.005990912351490074,58.83969444084765,58.648074847811266,0.0032619525267110205,15.755749134195383,15.600346798594687,0.009912178372263547,99.88055021192946,99.61725712893417,0.002639560197422064,98.3591675026161,98.07254820787416,0.0029182609042051055,31.97421327679762,31.870344437001435,0.0032538069071548215
2024-07-01,87.32649833429613,86.6813197960227,0.007415546057080391,59.27811619528664,58.95351339426743,0.005490977629807325,15.77247492448693,15.66238804741826,0.007004155050519323,99.83667412273753,99.70642784576722,0.001305445231455593,98.83069612856488,98.52098620532837,0.0031386626536455964,32.12026578568876,31.945096315407067,0.005468474728372641
2024-10-01,87.53154436383423,87.07124930926001,0.005272494342271727,59.72738133029146,59.259114012999326,0.00787097281006588,15.442524578054675,15.72365371531874,-0.018041144461370173,99.82163432699441,99.79253941395406,0.0002915114964148202,99.29253778758847,98.96942138820516,0.003259492509809725,32.146340410964896,32.01986290853685,0.003942189491737302
2025-01-01,86.30411013490077,87.46107539153843,-0.013316618635209387,59.04976134525302,59.56525395360306,-0.008691915647893289,15.961736033590507,15.784556809153939,0.01116231523354383,98.87924128248032,99.87682769837623,-0.01003838321171635,98.63915572726481,99.41855061641941,-0.007870422481871309,31.965365734697514,32.09467143847473,-0.00403702167831721
2025-04-01,86.94907119334566,87.85207945886233,-0.010331926249298462,59.29544134825799,59.872612967806674,-0.009686759358694452,15.283481502670975,15.84533825994641,-0.03610273615233783,98.94805351441617,99.96055113593776,-0.01018061906686274,99.18212274001017,99.8692870572911,-0.006904417786291361,32.1279002763897,32.16962864763377,-0.0012979776299602008
